imgid,filepath,filename,caption,sentid
120681,train2014,COCO_train2014_000000099191.jpg,A couple of birds standing in front of a door.,729800
120681,train2014,COCO_train2014_000000099191.jpg,Two birds stand beside each other outside a green door.,743495
120681,train2014,COCO_train2014_000000099191.jpg,Two birds walking around outside of a door.,743573
120681,train2014,COCO_train2014_000000099191.jpg,Two birds walking around on concrete beside some doors ,825002
120681,train2014,COCO_train2014_000000099191.jpg,A couple of birds with speckled heads standing by a door.,825712
60495,train2014,COCO_train2014_000000450110.jpg,A group of skiers stand at the bottom of a slope.,574884
60495,train2014,COCO_train2014_000000450110.jpg,A crowded ski area on top of a mountain. ,575208
60495,train2014,COCO_train2014_000000450110.jpg,a number of people riding skis on a snowy surface,576219
60495,train2014,COCO_train2014_000000450110.jpg,A GROUP OF PEOPLE IN THE SNOW SKIING IN THE SNOW,576939
60495,train2014,COCO_train2014_000000450110.jpg,a bunch of skiers are standing in the snow,578214
109347,train2014,COCO_train2014_000000447209.jpg,A sign indicates that bikers should press the button to cross the street.,111449
109347,train2014,COCO_train2014_000000447209.jpg,A street sign instructing the use of a button.,111743
109347,train2014,COCO_train2014_000000447209.jpg,A bicycle crossing button to help bicyclists cross the street.,112793
109347,train2014,COCO_train2014_000000447209.jpg,A yellow street crossing sign of a bicycle and button to press for crossing the intersection.,121637
109347,train2014,COCO_train2014_000000447209.jpg,Sign shows bicycle rider how to press a button to get the right of way. ,133031
65126,train2014,COCO_train2014_000000342709.jpg,"A small bathroom with a sink, toilet and a bathtub.",414675
65126,train2014,COCO_train2014_000000342709.jpg,"A bathroom with a bathtub, sink, toilet, a chair and some shelves and cleansers",414945
65126,train2014,COCO_train2014_000000342709.jpg,"A bathroom are with sink, chair, toilet and a bathtub.",415608
65126,train2014,COCO_train2014_000000342709.jpg,A bathroom with a bathtub that has a variety of soaps and shampoos near it. ,415926
65126,train2014,COCO_train2014_000000342709.jpg,"A large bathroom with black tile floor features white fixtures, a red locker and a brown chair. ",416538
7069,val2014,COCO_val2014_000000246077.jpg,A couple of shiney teddy bears with penises.,478996
7069,val2014,COCO_val2014_000000246077.jpg,"Shiny, stuffed bears oddly come complete with penises. ",479830
7069,val2014,COCO_val2014_000000246077.jpg,Two teddy bears of different colors sitting next to each other. ,480007
7069,val2014,COCO_val2014_000000246077.jpg,A white and red colored shiny sex toy teddy bears.,480535
7069,val2014,COCO_val2014_000000246077.jpg,Two shiny bears are sitting next to each other.,480622
43937,train2014,COCO_train2014_000000469237.jpg,The train is traveling down the railroad tracks. ,324342
43937,train2014,COCO_train2014_000000469237.jpg,A gran and yellow train is next to a passenger loading.,325992
43937,train2014,COCO_train2014_000000469237.jpg,"A blue, white and yellow train travels past a train station",328464
43937,train2014,COCO_train2014_000000469237.jpg,A train is stopped at an outdoor station.,332643
43937,train2014,COCO_train2014_000000469237.jpg,A high-speed train is stopped at an empty station.,335652
77014,train2014,COCO_train2014_000000568872.jpg,A man is listening to music while skateboarding.,349687
77014,train2014,COCO_train2014_000000568872.jpg,A man wearing earphones doing a trick on a skateboard ramp.,354916
77014,train2014,COCO_train2014_000000568872.jpg,A man riding a skateboard up the side of a ramp.,354973
77014,train2014,COCO_train2014_000000568872.jpg,A man on his skateboard doing tricks on a ramp.,356833
77014,train2014,COCO_train2014_000000568872.jpg,A man on a skateboard does a trick on a ramp.,357325
73692,train2014,COCO_train2014_000000364082.jpg,A woman walking down the street with an orange suitcase,639633
73692,train2014,COCO_train2014_000000364082.jpg,A person on a street with a suitcase.,640368
73692,train2014,COCO_train2014_000000364082.jpg,A woman is walking carrying a rolling luggage case.,643551
73692,train2014,COCO_train2014_000000364082.jpg,"A woman with orange luggage walking down the road,",644262
73692,train2014,COCO_train2014_000000364082.jpg,The woman on the sidewalk has an orange suitcase.,645696
63076,train2014,COCO_train2014_000000149188.jpg,A bathroom with a mirror above the sink.,31247
63076,train2014,COCO_train2014_000000149188.jpg,A sink and a mirror in a bathroom. ,31676
63076,train2014,COCO_train2014_000000149188.jpg,A sink with a mirror above it in a green painted room.,34337
63076,train2014,COCO_train2014_000000149188.jpg,A sink with mirror and lights are shown.,34397
63076,train2014,COCO_train2014_000000149188.jpg,A towel hanged in a restroom with green wall.,35528
112735,train2014,COCO_train2014_000000181571.jpg,Two zebras that are standing in the grass.,754083
112735,train2014,COCO_train2014_000000181571.jpg,A zebra rolling in the dirt while other zebras graze in the grass. ,758058
112735,train2014,COCO_train2014_000000181571.jpg,A large group of zebras walking in a field.,758560
112735,train2014,COCO_train2014_000000181571.jpg,a zebra laying on its back and others in the field ,762688
112735,train2014,COCO_train2014_000000181571.jpg,One zebra rolls in the dust while another walks to the right.,764404
118771,train2014,COCO_train2014_000000055206.jpg,Three people in a small fishing boat fishing.,370534
118771,train2014,COCO_train2014_000000055206.jpg,A family fishing from a boat on a lake.,371230
118771,train2014,COCO_train2014_000000055206.jpg,Two men and one woman in a boat on a placid body of water. ,371356
118771,train2014,COCO_train2014_000000055206.jpg,Three people are in a boat on a lake.,371446
118771,train2014,COCO_train2014_000000055206.jpg,A small boat with people in the water.,372754
49756,train2014,COCO_train2014_000000179618.jpg,A person using a blender on a counter next to a banana peel and a carton of milk.,283780
49756,train2014,COCO_train2014_000000179618.jpg,"A person who his holding a blender in which a smoothie has just been mixed
",284659
49756,train2014,COCO_train2014_000000179618.jpg,A man blending white liquid on top of a counter.,284803
49756,train2014,COCO_train2014_000000179618.jpg,Someone creating a banana smoothie in a blender.,286429
49756,train2014,COCO_train2014_000000179618.jpg,Hands opening a blender full of a white liquid.,287242
72469,train2014,COCO_train2014_000000541203.jpg,A fire hydrant spewing water on a city street,801281
72469,train2014,COCO_train2014_000000541203.jpg,Fire hydrant spraying water in front of a sandwich shop.,802502
72469,train2014,COCO_train2014_000000541203.jpg,A fire hydrant spouting water in front of a Wendy's.,806231
72469,train2014,COCO_train2014_000000541203.jpg,A man walking on street by a spraying fire hydrant.,806774
72469,train2014,COCO_train2014_000000541203.jpg,A fire hydrant shooting out water as a person walks by.,807962
56931,train2014,COCO_train2014_000000238217.jpg,A slice of pizza on a napkin above a bicycle.,223091
56931,train2014,COCO_train2014_000000238217.jpg,A single slice of pizza sits on paper.,243851
56931,train2014,COCO_train2014_000000238217.jpg,A slice of pizza on a white paper near a bicycle.,257978
56931,train2014,COCO_train2014_000000238217.jpg,A slice of vegetable pizza on a napkin.,260285
56931,train2014,COCO_train2014_000000238217.jpg,A slice of pizza on a plain white paper towel.,260855
86466,train2014,COCO_train2014_000000028766.jpg,Various flower vases and ornaments on display on a stand.,106021
86466,train2014,COCO_train2014_000000028766.jpg,A glass swan sitting on a table next to a blue vase filled with flowers.,109579
86466,train2014,COCO_train2014_000000028766.jpg,A swan next to a blue vase in a window,133231
86466,train2014,COCO_train2014_000000028766.jpg,"Various vases with flowers sit near a large, clear window.",143431
86466,train2014,COCO_train2014_000000028766.jpg,Glass sculptures sit in the window next to a flower pot.,186643
38059,val2014,COCO_val2014_000000258773.jpg,Garden with a assortment of plants surrounding a bench with a sleeping cat,452639
38059,val2014,COCO_val2014_000000258773.jpg,A bench is placed in tons of flowers. ,453713
38059,val2014,COCO_val2014_000000258773.jpg,A cat on a bench in a garden.,453983
38059,val2014,COCO_val2014_000000258773.jpg,A bunch of plants that are by a bench.,455348
38059,val2014,COCO_val2014_000000258773.jpg,there is a bench that is surrounded by plants and bushes,456806
76151,train2014,COCO_train2014_000000508663.jpg,An elaborately appointed sitting room with ornate furnishings.,315329
76151,train2014,COCO_train2014_000000508663.jpg,"A couch, chairs and table in a livingroom",316388
76151,train2014,COCO_train2014_000000508663.jpg,a living room with a ton of furniture and chairs.,316871
76151,train2014,COCO_train2014_000000508663.jpg,A wall to wall carpeted drawing room with luxurious sofa and other decorations. ,318854
76151,train2014,COCO_train2014_000000508663.jpg,"A living room with a sofa, lamps and few chairs. ",320663
24191,val2014,COCO_val2014_000000362520.jpg,Small child and protective gear jumping on a skateboard. ,806386
24191,val2014,COCO_val2014_000000362520.jpg,a person holding onto a skateboard during a jump,806815
24191,val2014,COCO_val2014_000000362520.jpg,A skateboarder performing a trick wearing safety equipment.,816647
24191,val2014,COCO_val2014_000000362520.jpg,View of the bottom of a skateboard while the young rider is in mid air.,817678
24191,val2014,COCO_val2014_000000362520.jpg,A man flying through the air on top of a skateboard.,818099
46942,train2014,COCO_train2014_000000492286.jpg,A big train is about to leave and go away. ,598088
46942,train2014,COCO_train2014_000000492286.jpg,a train at a train station near a platform,604772
46942,train2014,COCO_train2014_000000492286.jpg,A passenger train that is pulling into a station.,608153
46942,train2014,COCO_train2014_000000492286.jpg,A red train that is sitting on the tracks.,610010
46942,train2014,COCO_train2014_000000492286.jpg,A train coming into the station as seen from the deck outside. ,613406
24273,val2014,COCO_val2014_000000088817.jpg,"That is a great place filled with things to see.
",613896
24273,val2014,COCO_val2014_000000088817.jpg,A group of people surfing and flying kites in the ocean waters,616269
24273,val2014,COCO_val2014_000000088817.jpg,Several wind surfers are on the blue water.,619989
24273,val2014,COCO_val2014_000000088817.jpg,People kite surfing in the water near the beach.,621156
24273,val2014,COCO_val2014_000000088817.jpg,A couple of people on surf boards in the water.,621273
109065,train2014,COCO_train2014_000000497698.jpg,Twinkies a microwave a toaster and three blenders,530085
109065,train2014,COCO_train2014_000000497698.jpg,A group of twinkies are sitting on a counter top.,534675
109065,train2014,COCO_train2014_000000497698.jpg,A kitchen has several appliances and twinkles on the counter.,536070
109065,train2014,COCO_train2014_000000497698.jpg,"A blender, microwave, toaster, and other kitchen items sitting on a table. ",536244
109065,train2014,COCO_train2014_000000497698.jpg,There are a lot of twinkies and appliances on the counter.,540546
16429,val2014,COCO_val2014_000000145025.jpg,A man sits with his bike on the beach,638330
16429,val2014,COCO_val2014_000000145025.jpg,The bicyclist is taking a rest along the ocean shore.,638798
16429,val2014,COCO_val2014_000000145025.jpg,A man leans his bike against a sign and sits on a bank watching the sea.,640001
16429,val2014,COCO_val2014_000000145025.jpg,A man sitting next to a bike near the beach.,643289
16429,val2014,COCO_val2014_000000145025.jpg,A person sitting by the water with a bike.,644717
91051,train2014,COCO_train2014_000000043912.jpg,A person crossing a street in front of a traffic light.,39832
91051,train2014,COCO_train2014_000000043912.jpg,Stop light begins to change on a city street. ,45928
91051,train2014,COCO_train2014_000000043912.jpg,An intersection next to a business with parked cars in the lot,46774
91051,train2014,COCO_train2014_000000043912.jpg,Ano ver cast sky over a parking lot of a shopping center on S Girard Ave.,47650
91051,train2014,COCO_train2014_000000043912.jpg,photo of cars parked in a parking lot ,47716
114780,train2014,COCO_train2014_000000105714.jpg,A man holds a Frisbee in his hand while another man guards him ,771740
114780,train2014,COCO_train2014_000000105714.jpg,Two men standing on the grass playing frisbee.,772316
114780,train2014,COCO_train2014_000000105714.jpg,A guy in a yellow shirt holds a white frisbee away from a guy dressed in black.,774062
114780,train2014,COCO_train2014_000000105714.jpg,Two people are competing for a toy in a park.,774710
114780,train2014,COCO_train2014_000000105714.jpg,Two men playing frisbee in a park. ,775415
42835,train2014,COCO_train2014_000000367011.jpg,A train riding on a track under a bridge. ,700130
42835,train2014,COCO_train2014_000000367011.jpg,A train goes under a bridge as it flies down the tracks.,700670
42835,train2014,COCO_train2014_000000367011.jpg,"A set of train tracks with a red train on it that is pulling several train cars, and proceeding under an overpass.",702029
42835,train2014,COCO_train2014_000000367011.jpg,The train carrying automobiles is passing underneath a bridge.,703337
42835,train2014,COCO_train2014_000000367011.jpg,A red train on a group of tracks beneath a blue bridge.,703766
79805,train2014,COCO_train2014_000000530730.jpg,A cat is sitting on top of a closed white lap top.,449690
79805,train2014,COCO_train2014_000000530730.jpg,A calico cat sitting on a closed laptop on a bed.,450572
79805,train2014,COCO_train2014_000000530730.jpg,A cat sitting on top of a note pad on a table.,453800
79805,train2014,COCO_train2014_000000530730.jpg,A cat is standing right on an electronic device. ,457628
79805,train2014,COCO_train2014_000000530730.jpg,A striped cat sitting on a laptop computer ,819921
102429,train2014,COCO_train2014_000000414961.jpg,a couple walking with a purple umbrella some cars and buildings,631640
102429,train2014,COCO_train2014_000000414961.jpg,a man and woman walk together on the side walk under an umbrella ,632198
102429,train2014,COCO_train2014_000000414961.jpg,A man and woman walk down the street under an umbrella.,633533
102429,train2014,COCO_train2014_000000414961.jpg,A man walking next to a woman down a street.,636938
102429,train2014,COCO_train2014_000000414961.jpg,A man and a woman are walking down the street with an umbrella over their heads.,637472
116197,train2014,COCO_train2014_000000162046.jpg,a man standing by a moving hand holding a lot of stuff ,399515
116197,train2014,COCO_train2014_000000162046.jpg,A man standing outside of the back of a truck next to a microwave.,400733
116197,train2014,COCO_train2014_000000162046.jpg,A man is standing at the back of a box truck.,513407
116197,train2014,COCO_train2014_000000162046.jpg,a man using a generator and a microwave to heat up his lunch,517427
116197,train2014,COCO_train2014_000000162046.jpg,a man smiles as he stands in front of a truck full of items ,517661
88893,train2014,COCO_train2014_000000110616.jpg,A yellow fire hydrant sitting net to a street spewing out water.,152856
88893,train2014,COCO_train2014_000000110616.jpg,The yellow hydrant has been opened and water spills into the street.,183678
88893,train2014,COCO_train2014_000000110616.jpg,An open fire hydrant pours water into a flooded street.,187998
88893,train2014,COCO_train2014_000000110616.jpg,a fire hydrant leaking water on a city street,203184
88893,train2014,COCO_train2014_000000110616.jpg,A yellow fire hydrant pouring water into a street.,204237
25544,val2014,COCO_val2014_000000562848.jpg,A cell phone rests in a human hand in front of a wall.,352545
25544,val2014,COCO_val2014_000000562848.jpg,A hand holding a silver and black cellphone against a white background.,357765
25544,val2014,COCO_val2014_000000562848.jpg,a person holding a cell phone with a white background,364530
25544,val2014,COCO_val2014_000000562848.jpg,A person holds a phone in their hands.,367149
25544,val2014,COCO_val2014_000000562848.jpg,a hand is holding a silver cellphone against a white background,370698
50652,train2014,COCO_train2014_000000201632.jpg,The DVD player is in the closed cabinet. ,539606
50652,train2014,COCO_train2014_000000201632.jpg,A couple of electronics devices in a  wooden case.,545054
50652,train2014,COCO_train2014_000000201632.jpg,A cupboard with a wood and glass door and electronics on the inside of it.,545234
50652,train2014,COCO_train2014_000000201632.jpg,a dvd player that is behind some glass case,551321
50652,train2014,COCO_train2014_000000201632.jpg,A receiver is sitting behind the glass door of the entertainment center.,553382
17112,val2014,COCO_val2014_000000187194.jpg,baby in pajama's sitting on the bed playing with an object,395804
17112,val2014,COCO_val2014_000000187194.jpg,The baby is smiling as she sits on the bed.,397445
17112,val2014,COCO_val2014_000000187194.jpg,A baby in floral pajamas sitting on bed with four pillows.,398513
17112,val2014,COCO_val2014_000000187194.jpg,A small baby in sleepwear sitting on a bed,398558
17112,val2014,COCO_val2014_000000187194.jpg,A young girl who is sitting on a bed.,400997
105661,train2014,COCO_train2014_000000131976.jpg,An umbrella sitting near a cluster of objects in front of a window with bananas on display.,305399
105661,train2014,COCO_train2014_000000131976.jpg,"Many objects are in front of the fruit stand including an umbrella, a basket and a chair.",309761
105661,train2014,COCO_train2014_000000131976.jpg,many luggage bags under an umbrella near a building,312233
105661,train2014,COCO_train2014_000000131976.jpg,This orange umbrella is located in front of a fruit stand.,314228
105661,train2014,COCO_train2014_000000131976.jpg,A market with an umbrella and variety of fruits.  ,314951
12771,val2014,COCO_val2014_000000575110.jpg,A half dressed man points toward his wristband.,697439
12771,val2014,COCO_val2014_000000575110.jpg,a man pointing to a pink wristband on his wrist,697757
12771,val2014,COCO_val2014_000000575110.jpg,a man in a tie is wearing a pink bracelet,699452
12771,val2014,COCO_val2014_000000575110.jpg,A man who is pointing to a pink wristband.,708194
12771,val2014,COCO_val2014_000000575110.jpg,"A close up from below shows a hairy man, wearing a big green tie and pointing with one hand at his opposite hand to indicate a band that hand's wrist.",709094
121474,train2014,COCO_train2014_000000311104.jpg,A small dog sitting on a dog bed in a car seat. ,804920
121474,train2014,COCO_train2014_000000311104.jpg,A small dog sits on a car seat.,806309
121474,train2014,COCO_train2014_000000311104.jpg,A dog that is sitting down on a car seat.,806417
121474,train2014,COCO_train2014_000000311104.jpg,A small dog in a harness sitting in a dog bed on a car seat.,807107
121474,train2014,COCO_train2014_000000311104.jpg,A dog sits in a car seat while wearing a harness.,809501
99652,train2014,COCO_train2014_000000055912.jpg,A little boy sitting at a table flowing out candles on a cake.,306445
99652,train2014,COCO_train2014_000000055912.jpg,A young child studies a birthday cake with two candles.,308620
99652,train2014,COCO_train2014_000000055912.jpg,The boy is blowing out his candles on his cake.,308962
99652,train2014,COCO_train2014_000000055912.jpg,A young child sitting at a table with a birthday cake and two lit candles.,309754
99652,train2014,COCO_train2014_000000055912.jpg,A little boy who has turned two is looking at his birthday cake with two candles.,313147
53280,train2014,COCO_train2014_000000497736.jpg,A large elephant with a small elephant standing nearby.,325039
53280,train2014,COCO_train2014_000000497736.jpg,An adult and baby elephant standing together in a zoo pin.,325771
53280,train2014,COCO_train2014_000000497736.jpg,"Two elephants, one big and one small, standing next to each other",327364
53280,train2014,COCO_train2014_000000497736.jpg,A large elephant in front of a baby elephant,327985
53280,train2014,COCO_train2014_000000497736.jpg,Adult female elephant in an enclosure with her baby. ,329302
71885,train2014,COCO_train2014_000000008772.jpg,The jumping skateboarder is casting a shadow on the wall.,596080
71885,train2014,COCO_train2014_000000008772.jpg,A person jumping and doing a skateboard trick.,745732
71885,train2014,COCO_train2014_000000008772.jpg,A man is doing a trick on a skate board in a building.,746767
71885,train2014,COCO_train2014_000000008772.jpg,this is a man doing a trick on a board,747955
71885,train2014,COCO_train2014_000000008772.jpg,Guy in shorts in an area lit by flood lights doing a trick on a skateboard.,748078
83376,train2014,COCO_train2014_000000502517.jpg,A baseball player swinging a bat on top of a field.,548521
83376,train2014,COCO_train2014_000000502517.jpg,A baseball player swinging his bat with gloves on.,554437
83376,train2014,COCO_train2014_000000502517.jpg,A BASEBALL PLAYER SWINGING A BAT AT A BASEBALL GAME ,555886
83376,train2014,COCO_train2014_000000502517.jpg,A baseball player has his bat out and the catcher has mitt out ready for a pitch.,556222
83376,train2014,COCO_train2014_000000502517.jpg,Batter twisted up after taking a swing at the incoming baseball,556279
17465,val2014,COCO_val2014_000000251062.jpg,The interior of a modern bathroom including glass shower and sinks,579369
17465,val2014,COCO_val2014_000000251062.jpg,There is a bathroom with a sink and a shower.,579819
17465,val2014,COCO_val2014_000000251062.jpg,"A modern bathroom with heated towel racks, bidet, walk-in shower and oblong sink",580728
17465,val2014,COCO_val2014_000000251062.jpg,A modern-style bathroom is very clean and organized.,583101
17465,val2014,COCO_val2014_000000251062.jpg,"This bathroom has a large sink, a smaller sink, and a shower with glass doors.",585408
56373,train2014,COCO_train2014_000000300192.jpg,a horse in a field of grass ,781111
56373,train2014,COCO_train2014_000000300192.jpg,A horse that is laying on the ground.,781888
56373,train2014,COCO_train2014_000000300192.jpg,a brown horse with a brown nose laying down,786028
56373,train2014,COCO_train2014_000000300192.jpg,A brown horse sits in a grassy field.,787699
56373,train2014,COCO_train2014_000000300192.jpg,The brown and white horse is sitting on the ground,788335
66908,train2014,COCO_train2014_000000019955.jpg,a person riding a surf board on a wave,419593
66908,train2014,COCO_train2014_000000019955.jpg,Man in black body suit surfing a small wave.,419656
66908,train2014,COCO_train2014_000000019955.jpg,A man on a surf board in the water,421201
66908,train2014,COCO_train2014_000000019955.jpg,A person on a surfboard in the water.,421939
66908,train2014,COCO_train2014_000000019955.jpg,a male surfer in a wet suit is surfing in a canal,423838
51445,train2014,COCO_train2014_000000325040.jpg,A couple of men kicking a soccer ball around a field.,285736
51445,train2014,COCO_train2014_000000325040.jpg,A group of men on a field playing soccer.,286750
51445,train2014,COCO_train2014_000000325040.jpg,Soccer players in blue and yellow going after a ball. ,408262
51445,train2014,COCO_train2014_000000325040.jpg,Two soccer players that are playing against each other.,410380
51445,train2014,COCO_train2014_000000325040.jpg,A man with a soccer ball on his knee and another man reaching for the ball,412096
90071,train2014,COCO_train2014_000000148852.jpg,two people standing near a stand with pots,608714
90071,train2014,COCO_train2014_000000148852.jpg,A man standing next to a woman in an office,613043
90071,train2014,COCO_train2014_000000148852.jpg,two people stand in front of a company display.,618302
90071,train2014,COCO_train2014_000000148852.jpg,a man and woman dressed nicely standing side by side,618473
90071,train2014,COCO_train2014_000000148852.jpg,A man and woman are next to poster displays.,619616
93942,train2014,COCO_train2014_000000297251.jpg,A woman and baby in front of a cage with giraffes in it.,438028
93942,train2014,COCO_train2014_000000297251.jpg,A woman has a child on her back at a zoo.,439051
93942,train2014,COCO_train2014_000000297251.jpg,A woman and her baby sitting near a gate watching the giraffes ,440860
93942,train2014,COCO_train2014_000000297251.jpg,A woman with a child in a carrier standing in front of a giraffe exhibit.,442039
93942,train2014,COCO_train2014_000000297251.jpg,A woman with her child on her back at a zoo seeing giraffes.,444760
35630,val2014,COCO_val2014_000000144228.jpg,Two children sit on a couch holding toy wheels.,51700
35630,val2014,COCO_val2014_000000144228.jpg,Two children play a video game on a couch,54316
35630,val2014,COCO_val2014_000000144228.jpg,Two children are sitting on a sofa playing video games.,54769
35630,val2014,COCO_val2014_000000144228.jpg,A boy and a girl play a video driving game,61114
35630,val2014,COCO_val2014_000000144228.jpg,A young boy and girl sitting on couch playing driving video game.,63019
82421,train2014,COCO_train2014_000000244484.jpg,A woman sits and presents two models of an electronic device.,40269
82421,train2014,COCO_train2014_000000244484.jpg,A smiling lady standing behind and in front of a microwave.,42552
82421,train2014,COCO_train2014_000000244484.jpg,A woman stands next to microwaves on the counter.,43221
82421,train2014,COCO_train2014_000000244484.jpg,A woman standing behind and next to a microwave oven.,45120
82421,train2014,COCO_train2014_000000244484.jpg,A young wman posing behind two microwave ovens,45435
72523,train2014,COCO_train2014_000000076970.jpg,A man with a butcher knife standing in front of sheep.,216477
72523,train2014,COCO_train2014_000000076970.jpg,A man with a large cleaver stands next to a very scared looking sheep.,230802
72523,train2014,COCO_train2014_000000076970.jpg,A  man with a butcher knife standing next to two sheep.,231642
72523,train2014,COCO_train2014_000000076970.jpg,A man standing next to a pair of sheet while biting his clothes and holding a meat cleaver.,232335
72523,train2014,COCO_train2014_000000076970.jpg,A man with a hatchet is standing next to a sheep.,240834
68025,train2014,COCO_train2014_000000435951.jpg,A group of men standing next to each other holding a racquet.,204480
68025,train2014,COCO_train2014_000000435951.jpg,A group of four guys with tennis rackets in hand.,229722
68025,train2014,COCO_train2014_000000435951.jpg,a geek group of tennis or bat-mien players ,230301
68025,train2014,COCO_train2014_000000435951.jpg,Four men pose with their tennis racquets on the court,232833
68025,train2014,COCO_train2014_000000435951.jpg,A group of guys holding up there tennis rackets .,235449
78335,train2014,COCO_train2014_000000093832.jpg,A white refrigerator in a very small kitchen.,459502
78335,train2014,COCO_train2014_000000093832.jpg,White fridge with top being used for storage,461011
78335,train2014,COCO_train2014_000000093832.jpg,"A kitchen refrigerator with magnets, pots and banana's on it.",461350
78335,train2014,COCO_train2014_000000093832.jpg,a kitchen with a refrigerator near a sink,468325
78335,train2014,COCO_train2014_000000093832.jpg,a white fridge with many magnets on it,821814
44144,train2014,COCO_train2014_000000144505.jpg,a horse in a field of grass with trees in the background,217847
44144,train2014,COCO_train2014_000000144505.jpg,Two horses on a big area of open grass.,223382
44144,train2014,COCO_train2014_000000144505.jpg,A brown and white horse grazing in a field.,225215
44144,train2014,COCO_train2014_000000144505.jpg,Horses graze in a green field by a house,230900
44144,train2014,COCO_train2014_000000144505.jpg,One brown and one white horse walking around on a ranch. ,237887
10799,val2014,COCO_val2014_000000127510.jpg,a baseball player catches a ball in his glove ,811618
10799,val2014,COCO_val2014_000000127510.jpg,A baseball player catching a ball with it's glove.,812959
10799,val2014,COCO_val2014_000000127510.jpg,A baseball player preparing to throw the baseball.,814117
10799,val2014,COCO_val2014_000000127510.jpg,a close up ofa baseball player with a glove ,817049
10799,val2014,COCO_val2014_000000127510.jpg,A baseball player putting out his glove to catch the ball.,817073
115517,train2014,COCO_train2014_000000409841.jpg,a train whistling down the tracks in front of some trees,508489
115517,train2014,COCO_train2014_000000409841.jpg,A small steam train riding down the tracks.,511525
115517,train2014,COCO_train2014_000000409841.jpg,A train traveling along racks pouring out steam.,547039
115517,train2014,COCO_train2014_000000409841.jpg,An antique train rides down the tracks with brightly colored carriages.,552391
115517,train2014,COCO_train2014_000000409841.jpg,A black train with some white steam and smoke in the air. ,555835
81920,train2014,COCO_train2014_000000534593.jpg,vintage image of a group of suitcases sitting on a sidewalk,432966
81920,train2014,COCO_train2014_000000534593.jpg,Luggage is sitting in the street in a black and white photo.,433656
81920,train2014,COCO_train2014_000000534593.jpg,Several suitcases on the ground on a street.,434433
81920,train2014,COCO_train2014_000000534593.jpg,Some luggage that is sitting on the asphalt.,435393
81920,train2014,COCO_train2014_000000534593.jpg,Three suitcases sitting on the pavement in black and white,441807
2436,val2014,COCO_val2014_000000178941.jpg, A cat on top of a closed laptop on a desk. ,112104
2436,val2014,COCO_val2014_000000178941.jpg,A cat that is sitting down on a table.,115383
2436,val2014,COCO_val2014_000000178941.jpg,A cat is sitting on a laptop by a window.,121005
2436,val2014,COCO_val2014_000000178941.jpg,A white cat resting on top of a laptop in a window,123954
2436,val2014,COCO_val2014_000000178941.jpg,A cat is laying on top of a closed laptop.,125742
16171,val2014,COCO_val2014_000000203864.jpg,Two people standing on a tennis court playing tennis,326500
16171,val2014,COCO_val2014_000000203864.jpg,Two mean are playing tennis and both are wearing sunglasses.  ,327685
16171,val2014,COCO_val2014_000000203864.jpg,Two people playing a game of tennis with rackets.,328945
16171,val2014,COCO_val2014_000000203864.jpg,two tennis players on a court with rackets,330778
16171,val2014,COCO_val2014_000000203864.jpg,Two men with tennis rackets playing doubles tennis.,331006
104334,train2014,COCO_train2014_000000206387.jpg,a cat is investigating two green vegetables on the floor.,296889
104334,train2014,COCO_train2014_000000206387.jpg,a close up of a cat with broccoli on a wooden floor,300267
104334,train2014,COCO_train2014_000000206387.jpg,A cat sniffing at broccoli stalks on the floor,300915
104334,train2014,COCO_train2014_000000206387.jpg,There is a cat that is smelling broccoli stems,301215
104334,train2014,COCO_train2014_000000206387.jpg,A cat is looking at broccoli stalks laying on the floor.,301926
120113,train2014,COCO_train2014_000000168361.jpg,A young man eating a chocolate donut with sprinkles on it.,79239
120113,train2014,COCO_train2014_000000168361.jpg,Man eating a donut gives a thumbs up sign,82203
120113,train2014,COCO_train2014_000000168361.jpg,A man is putting a doughnut in his mouth with a thumbs up.,82263
120113,train2014,COCO_train2014_000000168361.jpg,a man with his thumb up as he eats a slice of pizza,83250
120113,train2014,COCO_train2014_000000168361.jpg,A man in a white shirt and tie eating a doughnut.,85773
62275,train2014,COCO_train2014_000000191230.jpg,a car is stopped at a stop light near by is a large brick building,652726
62275,train2014,COCO_train2014_000000191230.jpg,a pole with a street light next to a big building,652987
62275,train2014,COCO_train2014_000000191230.jpg,A run down building is shown with an enclosed gate.,653266
62275,train2014,COCO_train2014_000000191230.jpg,A truck is parked on the side of the road,653884
62275,train2014,COCO_train2014_000000191230.jpg,The traffic light is clearly visible for us to see.,655459
103095,train2014,COCO_train2014_000000225579.jpg,a red motorcycle on display on a white floor,619364
103095,train2014,COCO_train2014_000000225579.jpg,A showcase of motorcycles with people taking photos.,620744
103095,train2014,COCO_train2014_000000225579.jpg,a red motorcycle on a white display stage surrounded by people,622127
103095,train2014,COCO_train2014_000000225579.jpg,A red motorcycle on display in front of a crowd of people.,623870
103095,train2014,COCO_train2014_000000225579.jpg,People admiring Ducati motorcycles at an indoor show,623891
118115,train2014,COCO_train2014_000000427344.jpg,The orange cat is sitting on top of the small television.  ,81709
118115,train2014,COCO_train2014_000000427344.jpg,a cat laying on a small tv next to a wall,83428
118115,train2014,COCO_train2014_000000427344.jpg,"A cat sitting on top of a television set that is showing a baseball game.
",83638
118115,train2014,COCO_train2014_000000427344.jpg,A cat is sitting on top of a tv set,84385
118115,train2014,COCO_train2014_000000427344.jpg,A cat sitting on top of a TV with a baseball game playing.,85603
112898,train2014,COCO_train2014_000000189666.jpg,A person pouring batter into a doughnut maker,173164
112898,train2014,COCO_train2014_000000189666.jpg,A person pouring batter into a donut maker.,176641
112898,train2014,COCO_train2014_000000189666.jpg,A person is making doughnuts in a fryer.,181909
112898,train2014,COCO_train2014_000000189666.jpg,A person pours batter into hot oil to make doughnuts.,186658
112898,train2014,COCO_train2014_000000189666.jpg,a person next to a doughnut making machine,192046
97577,train2014,COCO_train2014_000000322691.jpg,A group of people are gathered in the water.,516017
97577,train2014,COCO_train2014_000000322691.jpg,A group of people riding boats in the middle of an ocean.,518426
97577,train2014,COCO_train2014_000000322691.jpg,A group of people that are standing in the water.,518765
97577,train2014,COCO_train2014_000000322691.jpg,A group of people playing in the ocean with canoes.,519185
97577,train2014,COCO_train2014_000000322691.jpg,A bunch of people playing in the water with paddle boats.,519626
91955,train2014,COCO_train2014_000000217216.jpg,Down town at night with the street lights on .,371051
91955,train2014,COCO_train2014_000000217216.jpg,A wall with water hydrant and a street with lightening.,372884
91955,train2014,COCO_train2014_000000217216.jpg,The street lights shine off of the water valves.,374708
91955,train2014,COCO_train2014_000000217216.jpg,A double fire hydrant connected to a building. ,375350
91955,train2014,COCO_train2014_000000217216.jpg,A fire hydrant is attached to a building wall.,378230
201,val2014,COCO_val2014_000000232894.jpg,A girl and boy sitting at a wooden table with the boy looking at the girl.,312362
201,val2014,COCO_val2014_000000232894.jpg,Two kids sitting at a wooden table eating chips.,313601
201,val2014,COCO_val2014_000000232894.jpg,A young boy standing next to a young girl and a bag of chips.,315605
201,val2014,COCO_val2014_000000232894.jpg,The two young children are sitting at the table together. ,316271
201,val2014,COCO_val2014_000000232894.jpg,A little girl has a bag of chips and a boy is smiling at her,316616
90203,train2014,COCO_train2014_000000166092.jpg,A pile of oranges covered in white goo and leaves.,355330
90203,train2014,COCO_train2014_000000166092.jpg,A crop of oranges covered in a dusting of snow.,357118
90203,train2014,COCO_train2014_000000166092.jpg,Large batch of oranges with green leaves and snow.,358354
90203,train2014,COCO_train2014_000000166092.jpg,A large number of small orages with some white on them,368899
90203,train2014,COCO_train2014_000000166092.jpg,Oranges covered in a white substance and leaves,369799
74695,train2014,COCO_train2014_000000247301.jpg,A very cute cat laying in the corner.,447598
74695,train2014,COCO_train2014_000000247301.jpg,A cat laying on a plush bed located on the floor.,448876
74695,train2014,COCO_train2014_000000247301.jpg,"A cat laying in its bed, on its back with its legs spread out.",450265
74695,train2014,COCO_train2014_000000247301.jpg,A cat is sleeping in a bed by a kitchen table.,450319
74695,train2014,COCO_train2014_000000247301.jpg,A buff-colored tabby cat stretches out in her bed.,821363
118536,train2014,COCO_train2014_000000454821.jpg,Three yellow city buses driving down the street,638
118536,train2014,COCO_train2014_000000454821.jpg,Several buses that are driving along together in traffic.,4217
118536,train2014,COCO_train2014_000000454821.jpg,more than one yellow public transit bus in the road,7484
118536,train2014,COCO_train2014_000000454821.jpg,A group of yellow busses are going down the city street.,8876
118536,train2014,COCO_train2014_000000454821.jpg,Yellow passenger buses ride side by side down a crowded street.,12224
53665,train2014,COCO_train2014_000000129331.jpg,A girl in a dress flying a kite over the water.,324676
53665,train2014,COCO_train2014_000000129331.jpg,A little girl in a pink and green dress holds her arm up and a kite flies in the blue sky over water.,329854
53665,train2014,COCO_train2014_000000129331.jpg,A young girl is flying a kite high in the air. ,331516
53665,train2014,COCO_train2014_000000129331.jpg,there is a young girl flying a kite by a river,336400
53665,train2014,COCO_train2014_000000129331.jpg,a child flies a kite in front of the ocean,339436
41970,train2014,COCO_train2014_000000403813.jpg,A woman holding a piece of luggage wearing purple.,180862
41970,train2014,COCO_train2014_000000403813.jpg,A PERSON IS HOLDING A FLORAL BAG IN HAND ,189073
41970,train2014,COCO_train2014_000000403813.jpg,A woman in purple holding a floral brief case,192019
41970,train2014,COCO_train2014_000000403813.jpg,A model holding up a decortive bad .,194830
41970,train2014,COCO_train2014_000000403813.jpg,A woman in blue showing off a floral patterned hand bag.,199066
105720,train2014,COCO_train2014_000000572209.jpg,A man doing tricks on his skateboard while others wait and watch.,324543
105720,train2014,COCO_train2014_000000572209.jpg,A man on a skateboard on a ledge.,325038
105720,train2014,COCO_train2014_000000572209.jpg,A man doing a trick with a skateboard in front of people.,325671
105720,train2014,COCO_train2014_000000572209.jpg,There is a man about to fall off his skateboard,326721
105720,train2014,COCO_train2014_000000572209.jpg,A man in a black shirt and jeans dangles his skateboard over a ledge as he stands on it.,327864
52626,train2014,COCO_train2014_000000070718.jpg,People are gathered together while a child plays video games.,289821
52626,train2014,COCO_train2014_000000070718.jpg,A young man is holding a Wii remote controller.,291537
52626,train2014,COCO_train2014_000000070718.jpg,A child with a Wii controller in his hand and a couple of adults in the background.,293253
52626,train2014,COCO_train2014_000000070718.jpg,A young boy with glasses playing a game with a remote controller.,293565
52626,train2014,COCO_train2014_000000070718.jpg,a boy with eye glasses holding a wii remote,294570
102228,train2014,COCO_train2014_000000263246.jpg,A park bench beside a canal and large sycamore trees.,758646
102228,train2014,COCO_train2014_000000263246.jpg,A bench is facing a man made body of water and trees.,758901
102228,train2014,COCO_train2014_000000263246.jpg,The empty bench is facing the water across the sidewalk.,761574
102228,train2014,COCO_train2014_000000263246.jpg,An empty park bench in front of a river.,761880
102228,train2014,COCO_train2014_000000263246.jpg,A bench is in the grass near the water.,762288
10932,val2014,COCO_val2014_000000278822.jpg,The two people are ready to serve the variety of donuts.,150889
10932,val2014,COCO_val2014_000000278822.jpg,Two people in the office stand around the refreshment table.,151396
10932,val2014,COCO_val2014_000000278822.jpg,People standing around a table with several boxes of donuts.,151474
10932,val2014,COCO_val2014_000000278822.jpg,A lot of donuts that are on a table.,152512
10932,val2014,COCO_val2014_000000278822.jpg,A group of people standing by boxes of doughnuts.,152611
33334,val2014,COCO_val2014_000000330055.jpg,A player running the bases in a baseball game.,302657
33334,val2014,COCO_val2014_000000330055.jpg,some baseball players are playing baseball on a field,307094
33334,val2014,COCO_val2014_000000330055.jpg,A baseball player pointing up to the sky.,307553
33334,val2014,COCO_val2014_000000330055.jpg,A baseball player pointing up as another runs to him.,310211
33334,val2014,COCO_val2014_000000330055.jpg,A baseball game with a player hand up stating their team is number one.,316685
84385,train2014,COCO_train2014_000000012079.jpg,A lady move her arms really fast in a living room,609175
84385,train2014,COCO_train2014_000000012079.jpg,a person standing up near a tv ,609865
84385,train2014,COCO_train2014_000000012079.jpg,A woman's hands are blurry while she holds a Wii remote in a living room. ,611008
84385,train2014,COCO_train2014_000000012079.jpg,A woman is grabbing for something on a coffee table.,611932
84385,train2014,COCO_train2014_000000012079.jpg,The action of the woman's hands are blurred.,619936
38616,val2014,COCO_val2014_000000054598.jpg,A wooden table with a white plate with a doughnut on top of it.,495511
38616,val2014,COCO_val2014_000000054598.jpg,"A donut and cup of coffee sitting on a table in a restaurant, a backpack with a book laying on top next to them.",495715
38616,val2014,COCO_val2014_000000054598.jpg,There is a cake doughnut on a small plate along with a mug of coffee.,496600
38616,val2014,COCO_val2014_000000054598.jpg,a doughnut on a plate next to a mug on a wooden table.,496945
38616,val2014,COCO_val2014_000000054598.jpg,"A cup of coffee, donut and backpack atop a wooden table.",497290
41276,train2014,COCO_train2014_000000525698.jpg,a pizza with allot of sea food on it,706594
41276,train2014,COCO_train2014_000000525698.jpg,There is a pizza with seafood for toppings.,707893
41276,train2014,COCO_train2014_000000525698.jpg,Seasoned stufed lobsters are prepared for the broiler.,709990
41276,train2014,COCO_train2014_000000525698.jpg,Cooked crab on a pizza served on a baking sheet.,710023
41276,train2014,COCO_train2014_000000525698.jpg,A pizza filled with toppings sitting on top of a pan.,713833
115297,train2014,COCO_train2014_000000467579.jpg,A bathroom with run down walls with torn of wall paper.,721516
115297,train2014,COCO_train2014_000000467579.jpg,a bathroom that has a sink and some other stuff,723016
115297,train2014,COCO_train2014_000000467579.jpg,"A bathroom with a window, sink, a hole in the wall and a potted plant on the floor. ",728716
115297,train2014,COCO_train2014_000000467579.jpg,"A teal bathroom with a sink, in poor condition.",728827
115297,train2014,COCO_train2014_000000467579.jpg,This is a photo of someones bathroom in their home. ,729175
24755,val2014,COCO_val2014_000000121812.jpg,This hazy picture depicts traffic on a busy street.,656253
24755,val2014,COCO_val2014_000000121812.jpg,A city street filled with lots of traffic.and hills.,656883
24755,val2014,COCO_val2014_000000121812.jpg,"Looking across a rainy, busy street at the hills behind it",659949
24755,val2014,COCO_val2014_000000121812.jpg,Looking down a city street on a gloomy day.,660699
24755,val2014,COCO_val2014_000000121812.jpg,a couple of cars sitting on top of a hill,665916
115275,train2014,COCO_train2014_000000121718.jpg,"A nice, neat kitchen with wooden cabinets and lots of shelves.",435091
115275,train2014,COCO_train2014_000000121718.jpg,a kitchen with a sink a counter and shelves,435160
115275,train2014,COCO_train2014_000000121718.jpg,A kitchen that has a sink and wooden counters.,435556
115275,train2014,COCO_train2014_000000121718.jpg,"A kitchen has a sink, a stove, and a window.",436039
115275,train2014,COCO_train2014_000000121718.jpg,a well-organized kitchen with contemporary wood cabinets an counters,439171
81171,train2014,COCO_train2014_000000149615.jpg,a person that has a racket in his hand,793242
81171,train2014,COCO_train2014_000000149615.jpg,A young man playing tennis and preparing to hit the ball.,795414
81171,train2014,COCO_train2014_000000149615.jpg,A man hitting a tennis ball with a tennis racket.,801030
81171,train2014,COCO_train2014_000000149615.jpg,A man that is standing up with a racquet.,803166
81171,train2014,COCO_train2014_000000149615.jpg,The man in the t-shirt is hitting the tennis ball with a racket. ,803739
68717,train2014,COCO_train2014_000000033912.jpg,A white bowl filled with broccoli and almonds.,734727
68717,train2014,COCO_train2014_000000033912.jpg,A bowl filled with broccoli and other food. ,738105
68717,train2014,COCO_train2014_000000033912.jpg,A bowl of broccoli with almond pieces is seen here.,739257
68717,train2014,COCO_train2014_000000033912.jpg,A bowl with steamed broccoli topped with nuts in it.,739551
68717,train2014,COCO_train2014_000000033912.jpg,Broccoli in a clear glass bowl garnished with nuts.,741684
15814,val2014,COCO_val2014_000000288340.jpg,A white boat floating on a  body of water.,709320
15814,val2014,COCO_val2014_000000288340.jpg,A boat tied up to a wooden dock.,714009
15814,val2014,COCO_val2014_000000288340.jpg,THERE IS A LARGE HOUSE SITTING AT THE WATERS EDGE,714933
15814,val2014,COCO_val2014_000000288340.jpg,a boat docked at a wooden dock on a lake,717777
15814,val2014,COCO_val2014_000000288340.jpg,A small boat in the water is tethered to a dock.,717891
13950,val2014,COCO_val2014_000000024106.jpg,A man riding a snowboard off the side of a ramp.,532483
13950,val2014,COCO_val2014_000000024106.jpg,A man is trying to land a ski jump.,534604
13950,val2014,COCO_val2014_000000024106.jpg,A skier in an orange jacket takes to the air over a small jump.,535681
13950,val2014,COCO_val2014_000000024106.jpg,a person with skiis on jumping over part of a ramp ,538885
13950,val2014,COCO_val2014_000000024106.jpg,A ski jump is attempted on a ski slope. ,540217
51951,train2014,COCO_train2014_000000147615.jpg,A herd of giraffe standing and sitting next to each other on a lush green field.,87779
51951,train2014,COCO_train2014_000000147615.jpg,Adult giraffe standing near two young giraffes which are eating.,90629
51951,train2014,COCO_train2014_000000147615.jpg,there are many giraffes in a conservatory here,91067
51951,train2014,COCO_train2014_000000147615.jpg,A group of giraffes relaxing in their enclosure,93749
51951,train2014,COCO_train2014_000000147615.jpg,A group of giraffe's doing various activities in a grassy area.,96224
76577,train2014,COCO_train2014_000000175693.jpg,A red and orange fire hydrant sits on a snowy street while people are walking by.,499588
76577,train2014,COCO_train2014_000000175693.jpg,A red and yellow fire hydrant getting covered with snow,500974
76577,train2014,COCO_train2014_000000175693.jpg,a fire hydant partially covered in snow ,505207
76577,train2014,COCO_train2014_000000175693.jpg,A red fire hydrant sitting on top of a snow covered field.,507034
76577,train2014,COCO_train2014_000000175693.jpg,A fire hydrant that is sitting in the snow.,543598
74132,train2014,COCO_train2014_000000349052.jpg,A man in grey baseball uniform swinging a bat.,380734
74132,train2014,COCO_train2014_000000349052.jpg,A professional baseball player about to hit the ball,382561
74132,train2014,COCO_train2014_000000349052.jpg,A professional baseball player about to swing at a pitch,383221
74132,train2014,COCO_train2014_000000349052.jpg,A batter swinging a bat at a baseball.,385201
74132,train2014,COCO_train2014_000000349052.jpg,A man on a field with a baseball bat.,389044
18898,val2014,COCO_val2014_000000128291.jpg,The Hogwarts Express is ready for the luggage,661849
18898,val2014,COCO_val2014_000000128291.jpg,a close up of a pile of luggage near a train ,663727
18898,val2014,COCO_val2014_000000128291.jpg,A pile of luggage set next to a train.,666349
18898,val2014,COCO_val2014_000000128291.jpg,A red train engine sitting at the entrance of a tunnel.,669013
18898,val2014,COCO_val2014_000000128291.jpg,Suitcases stacked next to a train car entering a tunnel. ,669535
49512,train2014,COCO_train2014_000000188845.jpg,Two people standing next to each other standing in a room.,292270
49512,train2014,COCO_train2014_000000188845.jpg,Some moron with Paintshop defaced the lovely photograph of the attractive couple playing Wii video games.,296368
49512,train2014,COCO_train2014_000000188845.jpg,Barefoot man and woman playing a video game.,298630
49512,train2014,COCO_train2014_000000188845.jpg,A man and a woman play a fighting video game.,301048
49512,train2014,COCO_train2014_000000188845.jpg,A woman in white shorts is next to a man in jeans and they both have game remotes.,303739
82256,train2014,COCO_train2014_000000353653.jpg,a large group of children on the tennis court,470770
82256,train2014,COCO_train2014_000000353653.jpg,A group of kids standing on a tennis court holding a racquet.,472084
82256,train2014,COCO_train2014_000000353653.jpg,a group of young children holding tennis rackets,472189
82256,train2014,COCO_train2014_000000353653.jpg,A bunch of children with tennis rackets are ready to play..,475630
82256,train2014,COCO_train2014_000000353653.jpg,Children at a tennis camp pose on the court with tennis rackets.,818958
48154,train2014,COCO_train2014_000000438095.jpg,"A park area with horses, trees and a blue umbrella.",284678
48154,train2014,COCO_train2014_000000438095.jpg,Two people ride horses while others sun themselves.,286229
48154,train2014,COCO_train2014_000000438095.jpg,"A group of people, two of whom are on horseback, traveling across the grass near another group of people who are sitting in chairs near umbrellas.",286244
48154,train2014,COCO_train2014_000000438095.jpg,People on horses with people on beach chairs in the foreground,401876
48154,train2014,COCO_train2014_000000438095.jpg,Two people are riding horses in the background as a woman sits with her child. ,405395
102611,train2014,COCO_train2014_000000377515.jpg,A beautiful woman cooking a pizza in a pan.,338773
102611,train2014,COCO_train2014_000000377515.jpg,A woman outside in a chef's hat shows her frying pan creation,344866
102611,train2014,COCO_train2014_000000377515.jpg,A Women chef outside holding a pan with food in it.,347431
102611,train2014,COCO_train2014_000000377515.jpg,A female chef is cooking in a skillet.,349120
102611,train2014,COCO_train2014_000000377515.jpg,A woman sitting on the ground with a pan of food.,352093
21654,val2014,COCO_val2014_000000189103.jpg,a black and white photo of a male sitting on a bench,673531
21654,val2014,COCO_val2014_000000189103.jpg,Man sitting on bench outside of stone walled building with iron fencing.,675622
21654,val2014,COCO_val2014_000000189103.jpg,A man with a baseball cap is sitting on a bench.,675787
21654,val2014,COCO_val2014_000000189103.jpg,A man relaxes in a bench in front of a stone walled building.,677941
21654,val2014,COCO_val2014_000000189103.jpg,Young man and his backpack resting on a bench in front of a building.,680344
81755,train2014,COCO_train2014_000000097346.jpg,a train going down the tracks in a open field ,79321
81755,train2014,COCO_train2014_000000097346.jpg,The train goes on the train tracks under the power lines,79777
81755,train2014,COCO_train2014_000000097346.jpg,A high speed train zooms across the country through green fields.,83041
81755,train2014,COCO_train2014_000000097346.jpg,A streamlined white train driving on the tracks,85081
81755,train2014,COCO_train2014_000000097346.jpg,A white train moving along the track under power lines.,87001
53615,train2014,COCO_train2014_000000471773.jpg,A man with a racquet that is standing on a tennis court.,457018
53615,train2014,COCO_train2014_000000471773.jpg,A smiling man stands holding a tennis racket.,459949
53615,train2014,COCO_train2014_000000471773.jpg,there is male tennis player wearing a green shirt and smiling,460189
53615,train2014,COCO_train2014_000000471773.jpg,a guy standing around with a tennis racket in his hand,460816
53615,train2014,COCO_train2014_000000471773.jpg,He was standing on the tennis court with his racket.,828825
116754,train2014,COCO_train2014_000000447457.jpg,A group of people standing near a luggage ourselves.,592216
116754,train2014,COCO_train2014_000000447457.jpg,A group of people waiting around a luggage station. ,595567
116754,train2014,COCO_train2014_000000447457.jpg,Several young people milling around an airport baggage claim area.,747250
116754,train2014,COCO_train2014_000000447457.jpg,Five adults standing around the luggage area at a port.,747997
116754,train2014,COCO_train2014_000000447457.jpg,Five travelers are waiting at a train station.,755017
80817,train2014,COCO_train2014_000000027516.jpg,A couple of people standing in a room.,361747
80817,train2014,COCO_train2014_000000027516.jpg,Woman fixes man's tie around his neck from behind him,365875
80817,train2014,COCO_train2014_000000027516.jpg,A black and white photograph of a woman helping a man with his tie.,366796
80817,train2014,COCO_train2014_000000027516.jpg,a short woman helping a tall man fix his collar ,367003
80817,train2014,COCO_train2014_000000027516.jpg,The woman is dressing the man for an occasion.,377152
35416,val2014,COCO_val2014_000000398438.jpg,A person cutting a multi layer cake with a knife.,384582
35416,val2014,COCO_val2014_000000398438.jpg,A man and woman making a cut unto a cake,384612
35416,val2014,COCO_val2014_000000398438.jpg,A person reaching out and cutting a cake.,389304
35416,val2014,COCO_val2014_000000398438.jpg,The hands of a couple that is cutting a wedding cake.,390573
35416,val2014,COCO_val2014_000000398438.jpg,A couple at a wedding cutting their wedding cake together.,390741
114783,train2014,COCO_train2014_000000453529.jpg,their is a man holding a freeze in the park,777693
114783,train2014,COCO_train2014_000000453529.jpg,A man catching a frisbe in a parking lot.,778053
114783,train2014,COCO_train2014_000000453529.jpg,a person jumping to catch a frisbee near two cars ,783771
114783,train2014,COCO_train2014_000000453529.jpg,A man holding a white frisbee next to a van.,784215
114783,train2014,COCO_train2014_000000453529.jpg,A person catching a Frisbee in the middle of a parking lot.,788004
