imgid,filename,caption,sentid
29606,75375389.jpg,Several young children are enjoying juice boxes while an older boy holds a soccer ball.,148030
29606,75375389.jpg,"Some of the ten children have juice boxes, one has a volleyball.",148031
29606,75375389.jpg,The children are eating food and drinking juice boxes.,148032
29606,75375389.jpg,Children drinking from juice cartons.,148033
29606,75375389.jpg,Family enjoying some juice boxes.,148034
13478,3415178926.jpg,A man dressed for cold weather plays with a stick with his black and brown dog.,67390
13478,3415178926.jpg,A man in orange pants and brown vest is playing tug-of-war with a dog.,67391
13478,3415178926.jpg,A man tugging on a stick that a little dog has in his mouth,67392
13478,3415178926.jpg,A man in a brown vest and glasses plays with a brown dog.,67393
13478,3415178926.jpg,A man tries to take a stick away from a brown dog.,67394
26571,5602731697.jpg,A group of 6 men are attempting to pick up or move a heavy missile looking object that is supported by a chicken foot.,132855
26571,5602731697.jpg,Four men in purple shirts and two in dark gray moving a sculpture.,132856
26571,5602731697.jpg,A group of men place a chicken foot statue in its setting.,132857
26571,5602731697.jpg,Some men are trying to place a statue down on the ground,132858
26571,5602731697.jpg,A group of men are carrying playground equipment.,132859
14715,3557595549.jpg,A young boy in orange swimming trunks gets ready to jump off the diving board.,73575
14715,3557595549.jpg,A boy in orange swim trunks stands on a diving board above a pool.,73576
14715,3557595549.jpg,A child wearing red swim trunks preparing to dive into a pool.,73577
14715,3557595549.jpg,A kid with red short about to jump into the pool,73578
14715,3557595549.jpg,Young man preparing to take a dive in the pool.,73579
1445,1425013325.jpg,Two dogs are playing with each other on a beach by the ocean.,7225
1445,1425013325.jpg,Two big German Shepherd dogs play in the water.,7226
1445,1425013325.jpg,Two black dogs splash around on the beach.,7227
1445,1425013325.jpg,Two dogs play together splashing in a lake,7228
1445,1425013325.jpg,Two dogs playing in water on the beach,7229
9046,2867937005.jpg,A girl in a pink tutu doing a handstand on a couch.,45230
9046,2867937005.jpg,A girl in a pink dress is standing on her head.,45231
9046,2867937005.jpg,A girl in a pink tutu standing on her head.,45232
9046,2867937005.jpg,A girl in a pick dress stands upside down.,45233
9046,2867937005.jpg,A girl wearing pink does a handstand.,45234
17921,4145746372.jpg,A group of people in costumes are holding their arms in the air in the manner of the finale of a musical number.,89605
17921,4145746372.jpg,Young women in colorful costumes raise their hands in happiness.,89606
17921,4145746372.jpg,Colorfully-dressed women on stage throw their hands in the air.,89607
17921,4145746372.jpg,A group of people extending their open hands into the air.,89608
17921,4145746372.jpg,A group of brightly-colored performers pose as a group.,89609
17023,392467282.jpg,Two brown dogs are running over snow in a line.,85115
17023,392467282.jpg,Two big brown dogs running through the snow.,85116
17023,392467282.jpg,Two brown dogs walking through snow.,85117
17023,392467282.jpg,Two weimaraners running in the snow.,85118
17023,392467282.jpg,Two dogs running in the snow,85119
14170,3495815292.jpg,A man with red-hair dressed in a reflective jacket leans against a wooden railing.,70850
14170,3495815292.jpg,A man standing looking sad with cleaner and a tool next to him.,70851
14170,3495815292.jpg,A man with red-hair leans against a brown fence.,70852
14170,3495815292.jpg,A man in a yellow jacket leaning on a railing.,70853
14170,3495815292.jpg,A red-haired man rests on a railing.,70854
27470,6155571589.jpg,The runner clearly is determined as he crawls to the finish-line while onlookers attempt to help him.,137350
27470,6155571589.jpg,An African-American man crawls down an asphalt street in a running uniform.,137351
27470,6155571589.jpg,"A man helps a runner who has fallen, up from the ground.",137352
27470,6155571589.jpg,A man trying hard to finish a race,137353
27470,6155571589.jpg,A weary man is finishing a race.,137354
29092,7139154793.jpg,"A group of race horses bearing the numbers 2, 6, and 8 are racing along a grass track.",145460
29092,7139154793.jpg,The races are off as three jockeys ride their horses out of the starting gate.,145461
29092,7139154793.jpg,A pack of horses close together just out of the gate at a horse race.,145462
29092,7139154793.jpg,Men fighting for position in a heated horse race.,145463
29092,7139154793.jpg,A group of jockeys during a horse race.,145464
10610,3070031806.jpg,A dog running on the sand by the beach while his owner looks at the other dogs on the beach.,53050
10610,3070031806.jpg,A man is standing at the shoreline on the beach with 4 dogs.,53051
10610,3070031806.jpg,A man is standing in front of 4 dogs on the beach.,53052
10610,3070031806.jpg,Man watching four dogs play on the beach,53053
10610,3070031806.jpg,A man and 4 dogs playing on the beach.,53054
16694,384465370.jpg,Two people in red outfits riding their bicycles down a dirt road.,83470
16694,384465370.jpg,Two cyclist wearing red shirts going over a red hill,83471
16694,384465370.jpg,Two people ride their bikes down a dirt road.,83472
16694,384465370.jpg,Two cyclists atop a hill as seen from below.,83473
16694,384465370.jpg,Two people riding their bikes on a hill.,83474
12526,3301438465.jpg,Three ball players in uniform stretch on a striped green surface in front of a large crowd and signage.,62630
12526,3301438465.jpg,Three men wearing white uniforms stand on a grass field in front of a crowd.,62631
12526,3301438465.jpg,People in white standing on sports field while crowd watches from stands,62632
12526,3301438465.jpg,Three baseball players are on the field while a large crowd is watching,62633
12526,3301438465.jpg,Three men stand on a sports field in front of a large crowd.,62634
20452,458735196.jpg,"This is a strange sight, a dog delivering a cookie.",102260
20452,458735196.jpg,A dog with a wrinkled face bites on a pink toy.,102261
20452,458735196.jpg,The dog is carrying a pink ball in its mouth.,102262
20452,458735196.jpg,"A brown dog indoors, with a large pink toy.",102263
20452,458735196.jpg,A wrinkled dog playing with a pink chew toy,102264
7635,2678792892.jpg,A young girl wearing a blue t-shirt is sitting on a towel eating a snow cone with a spoon.,38175
7635,2678792892.jpg,A little girl with a blue shirt on and eating some type of red drink.,38176
7635,2678792892.jpg,Little kid sits at the side of a pool having a snack.,38177
7635,2678792892.jpg,A little girl enjoying a frozen treat on the beach.,38178
7635,2678792892.jpg,A young girl enjoys a frozen treat by the pool.,38179
17689,4084558283.jpg,"Three dogs pulling a man in a brown jumpsuit and a baby in a blue snowsuit, on a sled in a snowy forest.",88445
17689,4084558283.jpg,The man is giving the child a ride on his dog sled.,88446
17689,4084558283.jpg,Man and his sled dogs traveling down a snowy road.,88447
17689,4084558283.jpg,Man dog sledding with his child in the icy snow.,88448
17689,4084558283.jpg,Man and child being pulled by three dogs.,88449
4880,233066798.jpg,"Whole families, including children, donned hard hats to observe the rig on the edge of town.",24400
4880,233066798.jpg,A large group of people wearing red construction hats are observing a blue and red oil well.,24401
4880,233066798.jpg,Crowd of people with red construction hats standing around a oil pump.,24402
4880,233066798.jpg,A crowd of people in red helmets are looking toward an oil well.,24403
4880,233066798.jpg,A group of workers showing up for there job,24404
9848,2970827076.jpg,A man waits for business behind the counter of a tourist shop in London.,49240
9848,2970827076.jpg,A man wearing a black top is standing behind a counter in a store.,49241
9848,2970827076.jpg,A clerk at a store is idling a waiting for next customer.,49242
9848,2970827076.jpg,A guy stands at his london tourist stand.,49243
9848,2970827076.jpg,A man is leaning on a counter.,49244
4898,233270519.jpg,"A man in swim trunks hits a ball with a paddle, while on the beach.",24490
4898,233270519.jpg,The man is standing on the shore hitting a ball with a paddle.,24491
4898,233270519.jpg,A muscular man in swim trunks plays paddle ball on the beach,24492
4898,233270519.jpg,A man is batting a ball on the beach beside the ocean.,24493
4898,233270519.jpg,Man in a bathing suit holding a paddle on the beach,24494
26499,5558777621.jpg,A man in a hat and torn pants plays a violin while sitting on a bucket in front of large windows.,132495
26499,5558777621.jpg,"Young man, in torn pants, sitting on the ledge of a window, playing a violin.",132496
26499,5558777621.jpg,Young bearded man in shoddy clothes and a ball cap plays a violin,132497
26499,5558777621.jpg,A man sits on a bucket in the concourse playing a violin.,132498
26499,5558777621.jpg,A man in torn clothing playing a vi violin.,132499
3338,2099852435.jpg,"Three kids are playing on the beach, one with a fishing pole, one putting his shirt on, and one leaning on the sidewalk.",16690
3338,2099852435.jpg,"Young children, in swim trunks, relax atop of and fish over a seawall, near a rack of fishing poles.",16691
3338,2099852435.jpg,Three males on the edge of the water with fishing gear.,16692
3338,2099852435.jpg,A child with a blue shirt on holding a fishing pole.,16693
3338,2099852435.jpg,Children playing and fishing on a beach.,16694
21675,4699379376.jpg,An elderly gentleman and a lady are looking at something that cannot be seen in the photograph.,108375
21675,4699379376.jpg,"The man in a green shirt, returned a ball, while playing tennis, and won his match.",108376
21675,4699379376.jpg,"An older male in a black sweater, and an older female in a pink blazer looking up.",108377
21675,4699379376.jpg,Two elderly people look up towards an unseen happening in a neighborhood.,108378
21675,4699379376.jpg,An old man and woman peer at something in the sky.,108379
28022,6472693569.jpg,On a bright and sonny day a man with blue trunks and white and blue shirt appears to be preparing to take a canoe ride,140110
28022,6472693569.jpg,A man wearing a white shirt and blue shorts is leaning over a canoe at the end of a dock.,140111
28022,6472693569.jpg,A woman preparing her kayak for pleasant row across a beautiful day on the lake.,140112
28022,6472693569.jpg,"One man is bent on a pier, next to a kayak on the water.",140113
28022,6472693569.jpg,A couple guys entering rowboats on a dock.,140114
8753,2831656774.jpg,The woman is guiding a brown and white dog over a tall white fence on an obstacle course.,43765
8753,2831656774.jpg,Lady in blue top and dark pants astride a white and brown dog leaping a hurdle.,43766
8753,2831656774.jpg,The dog jumps over the high jump bars in a dog show as the owner looks on.,43767
8753,2831656774.jpg,A woman leads a dog to jump a tall hurdle in a competition.,43768
8753,2831656774.jpg,A dog jumps over a very high barrier at a competition,43769
18660,4334910609.jpg,An ambulance parked on the side of a road with its lights on.,93300
18660,4334910609.jpg,An ambulance on the street with its lights on at night.,93301
18660,4334910609.jpg,An ambulance is on the road at night.,93302
18660,4334910609.jpg,An ambulance is near a pine tree.,93303
18660,4334910609.jpg,An ambulance going down the road.,93304
24722,4944187613.jpg,"A man with a beard and mustache, wearing a baseball cap and sunglasses, and holding a stick is standing near a chain link fence.",123610
24722,4944187613.jpg,An old man with a blue hat and sunglasses stands by a chain link fence.,123611
24722,4944187613.jpg,The older man talks a walk with his walking stick.,123612
24722,4944187613.jpg,Old man standing with white t-shirt and hat.,123613
24722,4944187613.jpg,Man in sunglasses and cap walking.,123614
28411,6828084858.jpg,Surfer surfing in a beautiful with birds around and waves with beautiful texture,142055
28411,6828084858.jpg,"Man in res and black wetsuit surfing, with a seagull in the foreground.",142056
28411,6828084858.jpg,A seagull appears at the left corners as a surfer attempts a minor wave.,142057
28411,6828084858.jpg,A man in red pants surfs in the ocean while seagulls fly above.,142058
28411,6828084858.jpg,Man surfing with a seagull in the foreground.,142059
21092,4652704643.jpg,A blond girl is fixing her high heels on a street curb while a man in a black shirt looks at his mobile device.,105460
21092,4652704643.jpg,A blond woman sitting on a curb at night while a man with a black shirt stands over her and checks his phone.,105461
21092,4652704643.jpg,A man in dark clothing photographs a model sitting in a shopping mall parking lot.,105462
21092,4652704643.jpg,The woman is fixing her shoes while the man looks at his cellphone.,105463
21092,4652704643.jpg,A man and woman in a parking lot at night.,105464
5146,236557331.jpg,A man in a white shirt and a woman in a white blouse are spreading butter and jelly on their biscuits.,25730
5146,236557331.jpg,The people are preparing food to serve on paper plates on a wooden table.,25731
5146,236557331.jpg,A lone little girl surrounded by adults is eating cake.,25732
5146,236557331.jpg,A family prepares the dinner table for a party.,25733
5146,236557331.jpg,People setting up the table to eat.,25734
10851,309777765.jpg,Several men in black t-shirts and caps are using with metal rods to smash food that's lying on a round table with a hole in the center.,54255
10851,309777765.jpg,Three people are around a circular cutting board chopping food.,54256
10851,309777765.jpg,3 men in uniforms are preparing food on a large surface.,54257
10851,309777765.jpg,People making food on a giant turntable fryer.,54258
10851,309777765.jpg,Several men cooking on a giant hot plate,54259
3479,2119660490.jpg,"A brown dog is laying on his side on a beige carpet, with a green object in the foreground.",17395
3479,2119660490.jpg,A brown dog is rolling on its back on a carpet with several green toys nearby.,17396
3479,2119660490.jpg,A brown dog is laying on its back on a white carpet with a green ball on it.,17397
3479,2119660490.jpg,The dog is laying on its back near a green ball.,17398
3479,2119660490.jpg,A dog lies on its back on a dog bed.,17399
25586,5142968059.jpg,A male musician dressed in black with a guitar pick in his mouth performs during a concert playing the guitar looking out at the crown with a back drop of a single stage light and Jumbo screens.,127930
25586,5142968059.jpg,A man plays an electric guitar on stage with a pick in his mouth.,127931
25586,5142968059.jpg,A man in a spotlight playing guitar with a pick in his mouth.,127932
25586,5142968059.jpg,A man holds a guitar on stage during a concert.,127933
25586,5142968059.jpg,A guitarist performs on stage.,127934
2611,187907408.jpg,"Two men both wearing sandals, talking while walking in front of a retail store area.",13055
2611,187907408.jpg,"A tall man and a shorter man walking and talking, wearing the same sandals.",13056
2611,187907408.jpg,This is a multiracial conversation between men walking in a warm climate.,13057
2611,187907408.jpg,Two men in sandals walk on the street.,13058
2611,187907408.jpg,Two men wearing sandals walking.,13059
29819,7685939782.jpg,A man with a blue hat and vest is holding a rife with his finger on the trigger.,149095
29819,7685939782.jpg,A young man is participating in a competitive gun shooting event.,149096
29819,7685939782.jpg,A man wearing a uniform and red glasses holds a rifle.,149097
29819,7685939782.jpg,A man wearing a blue cap holds a rifle.,149098
29819,7685939782.jpg,A man shoots a gun at a competition.,149099
23980,4885036157.jpg,A man and a woman pose together awaiting their picture to be taken by a kneeling photographer surrounded by graffiti.,119900
23980,4885036157.jpg,Photographer shooting picture of lovers in underground surrounded by graffiti.,119901
23980,4885036157.jpg,A couple embraces against a graffited pillar while a man take a photo.,119902
23980,4885036157.jpg,A couple embracing as their picture is taken by a male photographer.,119903
23980,4885036157.jpg,A couple poses for a picture in front of graffiti art.,119904
11551,3185645793.jpg,One person jumping his bike towards the camera while another one in the background is walking his bike away from the camera.,57755
11551,3185645793.jpg,A man wearing a blue shirt and matching helmet is jumping his bike over a hill.,57756
11551,3185645793.jpg,A mountain biker riding on a hillside wearing a helmet.,57757
11551,3185645793.jpg,A bike rider jumping the hill on his bicycle.,57758
11551,3185645793.jpg,A man leaving the ground on a bicycle.,57759
16536,3816206376.jpg,"A man with a ""used cars"" advertisement atop his car drives down the street.",82680
16536,3816206376.jpg,A man in a used car is holding his hand out the window and taking a picture.,82681
16536,3816206376.jpg,A man is driving a car with a sign on the roof advertising used cars,82682
16536,3816206376.jpg,The passenger is holding onto the load on top of the car.,82683
16536,3816206376.jpg,A man sticks a camera out of his vehicle while driving.,82684
19617,4491044489.jpg,"Two men one wearing a red shirt, and one wearing a white shirt are standing on a boat and paddling it to shore.",98085
19617,4491044489.jpg,"Two men, one in a red shirt and one in a white shirt, are on a boat in the beautiful blue-green water.",98086
19617,4491044489.jpg,Two people on a floating device in the water on a nice day.,98087
19617,4491044489.jpg,Two men stand and row a thin boat in the ocean.,98088
19617,4491044489.jpg,Two men are making their way across the ocean.,98089
3549,2133199628.jpg,Someone in a red shirt and no shoes is sitting with their possessions on the road.,17745
3549,2133199628.jpg,A barefoot man laying down in the crevice under a bridge.,17746
3549,2133199628.jpg,A man laying up against a large concrete complex.,17747
3549,2133199628.jpg,Person lays under a concrete overpass.,17748
3549,2133199628.jpg,This woman is laying on concrete.,17749
12370,3278811919.jpg,"Two skis hike uphill, through a barren, snowy landscape.",61850
12370,3278811919.jpg,The two people carrying skis are walking in the snow.,61851
12370,3278811919.jpg,Two people hiking up a snow covered mountain,61852
12370,3278811919.jpg,A hiker walks through the snowfield.,61853
12370,3278811919.jpg,Two people hike up a snowy hill.,61854
15199,3614269018.jpg,A young man in a yellow rain suit stands beneath a street lamp.,75995
15199,3614269018.jpg,Here we have a guy using a pressure washer on the sidewalk.,75996
15199,3614269018.jpg,A maintenance worker is pressure washing the street.,75997
15199,3614269018.jpg,A man in a yellow jumpsuit is working.,75998
15199,3614269018.jpg,Guy drilling near a lamp post.,75999
11063,3126225245.jpg,A little kid in a striped shirt on a purple floor is getting excited at chasing bubbles.,55315
11063,3126225245.jpg,A young toddler boy dances with bubbles at an inside play area.,55316
11063,3126225245.jpg,Young boy with blond-hair swipes at bubbles in the air.,55317
11063,3126225245.jpg,Little kids play with bubbles as an adult blows them.,55318
11063,3126225245.jpg,The child jumps up at bubbles.,55319
21408,4681944456.jpg,"A little girl in a pink, blue, orange and green hat with her hands on her face posing for the camera.",107040
21408,4681944456.jpg,A little girl with a knit hat laying on a pillow propping her head up with her hands.,107041
21408,4681944456.jpg,Little girl wearing a colorful hat while propped up on a cushion.,107042
21408,4681944456.jpg,A little girl smiling in a colorful knitted hat.,107043
21408,4681944456.jpg,Asian Child in fancy hat posing for picture,107044
22449,476009642.jpg,"A boy wearing brown shorts and a red t-shirt and a girl wearing khaki pants and a blue shirt are jumping in the air really high, they are on a round, white Asian looking bridge over a small river.",112245
22449,476009642.jpg,A young man and woman are excitedly leaping into the air on a bridge at a park.,112246
22449,476009642.jpg,A man and a woman are jumping into the air excitedly on a wooden footbridge.,112247
22449,476009642.jpg,Two people on a bridge in a park jumping with their arms in the air.,112248
22449,476009642.jpg,A man and woman are jumping in the middle of a bridge.,112249
7150,2613021139.jpg,A young girl wearing a hat and blue jeans is on a swing.,35750
7150,2613021139.jpg,The girl is happily swinging on a swing outside.,35751
7150,2613021139.jpg,A little girl swings on the swing.,35752
7150,2613021139.jpg,A young smiling female on a swing.,35753
7150,2613021139.jpg,The girl swings.,35754
19361,4461953198.jpg,A flagman holding a stop sing out on a country road with green trees and mailboxes.,96805
19361,4461953198.jpg,A road worker wearing yellow reflective vest is holding on the mobile stop sign.,96806
19361,4461953198.jpg,A cop wearing a high-visibility vest is holding a stop sign.,96807
19361,4461953198.jpg,A road worker is holding a stop sign to direct traffic.,96808
19361,4461953198.jpg,A man holding up a stop sign.,96809
16708,3847186406.jpg,"There is one man in the foreground with a hammer, another is in the background, possibly doing the same work as the man in the foreground.",83540
16708,3847186406.jpg,Old man in third world country squats while working with a large hammer.,83541
16708,3847186406.jpg,A man kneels down to hammer rock outside in the sun.,83542
16708,3847186406.jpg,Two people are working outside in the sun.,83543
16708,3847186406.jpg,Elderly man bends down to hammer.,83544
15495,3653497668.jpg,"A group of adults and children around a large sheet cake, including a man in army fatigues.",77475
15495,3653497668.jpg,A soldier and some civilians are cutting a cake and clapping.,77476
15495,3653497668.jpg,A soldier is helping two young children cut a large cake.,77477
15495,3653497668.jpg,A family and a man in military clothing look at a cake.,77478
15495,3653497668.jpg,A birthday party for many little people to enjoy.,77479
30334,8088028369.jpg,"A bald man with a beard is playing a saxophone in a dimly-lit room, with pictures on the wall behind him.",151670
30334,8088028369.jpg,A male saxophone player belts out a song in the dim light of a local establishment.,151671
30334,8088028369.jpg,A man plays the saxophone in a dark room lit with a red light.,151672
30334,8088028369.jpg,A man is playing the saxophone.,151673
30334,8088028369.jpg,A man is playing the saxophone.,151674
18273,424261682.jpg,2 girls dressed in winter clothes snuggling up to a snowman with a scarf.,91365
18273,424261682.jpg,Two blond girls are posing with a snowman that is taller than them.,91366
18273,424261682.jpg,Two proud young blond girls snuggle up to a freshly made snowman.,91367
18273,424261682.jpg,Two young women proudly pose with the snowman they completed.,91368
18273,424261682.jpg,Two young girls are hugging a snowman.,91369
9102,2875583266.jpg,A sponsored motorcyclist is making a turn on a racing circuit.,45510
9102,2875583266.jpg,A motorcyclist is leaning into a curve with his motorcycle,45511
9102,2875583266.jpg,A motorcycle racer leaning over to take a sharp turn.,45512
9102,2875583266.jpg,A race motorcycle takes a sharp turn on the track.,45513
9102,2875583266.jpg,A blue motorcycle is being driven on a racetrack.,45514
2210,1698837338.jpg,A woman scantily dressed in a tribal green and blue costume dances in a parade while onlookers watch.,11050
2210,1698837338.jpg,A beautiful long-haired blond girl dressed in a blue and green bikini walking down a street,11051
2210,1698837338.jpg,Carnivals are especially when visiting other countries.,11052
2210,1698837338.jpg,A lady dressed in a peacock outfit at a parade.,11053
2210,1698837338.jpg,Parade participant is enjoying the crowd.,11054
28231,6681703035.jpg,"Hairdressers, one male and one female, work on the haircuts of two people of the opposite gender of their tender.",141155
28231,6681703035.jpg,A man styles a woman's hair with a woman styling a man's hair in the background.,141156
28231,6681703035.jpg,A man and a woman are getting haircuts.,141157
28231,6681703035.jpg,A man cutting a Woman's hair.,141158
28231,6681703035.jpg,A man who is cutting hair.,141159
19227,4447440388.jpg,"Two females, one wearing a yellow dress, the other wearing a white top and black shorts posing for a picture.",96135
19227,4447440388.jpg,A woman in a white shirt poses for the camera in front of another woman in a yellow dress.,96136
19227,4447440388.jpg,Two girls getting ready for a beauty contest hosted by the chief executive officer,96137
19227,4447440388.jpg,"Two brunette women in stylish, sexy dresses posing for a picture.",96138
19227,4447440388.jpg,Two young women posing for the camera.,96139
508,1164765687.jpg,A man in a red shirt and glasses is bending down towards a small dog on a blanket with several stuffed animals.,2540
508,1164765687.jpg,A man playing with his dog on the blanket on the floor.,2541
508,1164765687.jpg,A man in a red shirt is giving toys to a small dog.,2542
508,1164765687.jpg,A man playing with a black dog on a white blanket.,2543
508,1164765687.jpg,A man is playing tug-of-war with his dog.,2544
3286,2092425006.jpg,Several motorcycle policemen driving on a street or parking lot in a wooded area.,16430
3286,2092425006.jpg,A group of motorcyclists drive around a parking lot.,16431
3286,2092425006.jpg,Motorcyclists with white helmets in a parking lot.,16432
3286,2092425006.jpg,People are riding motorcycles in a circle.,16433
3286,2092425006.jpg,6 motorcycle riders going on tour.,16434
25232,499165634.jpg,"A woman with short, dark hair sitting at a round, white table eating lunch.",126160
25232,499165634.jpg,Young woman in gray shirt and cream sweater eats a hotdog.,126161
25232,499165634.jpg,A woman in blue glasses and a white sweater is eating.,126162
25232,499165634.jpg,An Asian girl eating a hotdog at a diner.,126163
25232,499165634.jpg,An Asian woman in glasses eats.,126164
29453,74213476.jpg,An Asian child dressed in red is crying as an Asian woman appears to be comforting her.,147265
29453,74213476.jpg,"An Asian child in a red coat cries while his mother, in a tan coat, comforts him.",147266
29453,74213476.jpg,An Asian woman is comforting a crying child in a hair salon.,147267
29453,74213476.jpg,"A woman comforts a small, crying child in pajamas.",147268
29453,74213476.jpg,Little chinese boy crying with his mom.,147269
13953,3471746122.jpg,Men taking a break from working on a piece of yellow industrial equipment.,69765
13953,3471746122.jpg,A group of people in blue clothing relax on yellow machinery.,69766
13953,3471746122.jpg,Two men sitting atop a piece of construction equipment.,69767
13953,3471746122.jpg,Men sitting on a yellow machine wearing blue clothes.,69768
13953,3471746122.jpg,A group of men are resting while at work,69769
24899,4958781334.jpg,"An asian couple are heavily dressed in multiple layers, included are hats, long-sleeve shirts, gloves and long pants.",124495
24899,4958781334.jpg,Two Asian women wearing traditional head garb survey a garden.,124496
24899,4958781334.jpg,Two people in a garden wearing hats and protective gloves.,124497
24899,4958781334.jpg,Two workers wearing hats are standing in a field.,124498
24899,4958781334.jpg,Two Asian women working in a sunny garden.,124499
28916,7015055.jpg,A man in a black shirt with a pattern on the left shoulder listens to another man holding a drink.,144580
28916,7015055.jpg,A man in a pink shirt is standing next to two younger men in a dark room.,144581
28916,7015055.jpg,Two men having a conversation in a dark bar.,144582
28916,7015055.jpg,Two men wearing black shirt talking in a bar,144583
28916,7015055.jpg,A few people at a bar.,144584
27514,6177260197.jpg,A local swimmer is wearing a swim cap and swim goggles while swimming in a lake.,137570
27514,6177260197.jpg,"A swim cap-clad man emerges from the water, taking a deep breath.",137571
27514,6177260197.jpg,A man wearing a bathing cap and goggles is swimming in a river.,137572
27514,6177260197.jpg,A swimmer wearing a cap and goggles swimming in a lake.,137573
27514,6177260197.jpg,Male swimmer doing the butterfly stroke in a lake.,137574
23430,4837491077.jpg,A man stands on a transportation platform with earphones and a handheld electronic device.,117150
23430,4837491077.jpg,A man in a pink shirt is listening to his iPad while he waits for the train.,117151
23430,4837491077.jpg,A man wearing headphones and a pinkish shirt looking at his notebook.,117152
23430,4837491077.jpg,Young professional man using his notebook phone at a subway platform.,117153
23430,4837491077.jpg,A man wearing a pink shirt has headphones on.,117154
21911,4718115322.jpg,A woman in black talking to a woman in purple standing behind a long table of hats talking about hats.,109555
21911,4718115322.jpg,Two women are talking at a booth that is full of hats.,109556
21911,4718115322.jpg,Women at outdoor hat stall discussing hats.,109557
21911,4718115322.jpg,Two women holding hats at a hat stand,109558
21911,4718115322.jpg,Two women looking at hats.,109559
40,10101477.jpg,"Man wearing a blue and white outfit, holding a broom, with a traditional Asian architecture in the background.",200
40,10101477.jpg,A Asian man wearing a white top and baby blue bottoms is using a broom to remove the dirt of the pavement.,201
40,10101477.jpg,A man in a white and blue kimono is using a broom to sweep pavement.,202
40,10101477.jpg,Man sweeping the street outside.,203
40,10101477.jpg,Asian man sweeping the walkway.,204
21444,4684604794.jpg,An East Asian man in a black jacket and a woman in a salmon-colored jacket are looking at goods in an Asian grocery store.,107220
21444,4684604794.jpg,A man and woman are looking at something inside a market filled with many foods.,107221
21444,4684604794.jpg,A man and a woman examine the wares of fresh produce at a grocery store.,107222
21444,4684604794.jpg,"Lady in red jacket, man in black jacket in open market.",107223
21444,4684604794.jpg,An Asian man and woman in a produce market.,107224
17296,3983874347.jpg,"Three men in yellow green safety vests sit on a bench yawning, smoking and having a break.",86480
17296,3983874347.jpg,Three male safety workers in neon yellow vests are taking their break.,86481
17296,3983874347.jpg,"Three workers in bright green vests, taking a break.",86482
17296,3983874347.jpg,Three construction workers sit down and take a break.,86483
17296,3983874347.jpg,Construction workers have a hard job.,86484
29029,708860480.jpg,A boy is standing in a pool getting splashed with water.,145145
29029,708860480.jpg,A young boy with a necklace on in the water.,145146
29029,708860480.jpg,A boy is being splashed in a swimming pool.,145147
29029,708860480.jpg,A little boy in a swimming pool.,145148
29029,708860480.jpg,A boy in a swimming pool.,145149
30412,8155663151.jpg,A man in a green hat and white graphic tee stands near a woman in a black shirt with a scarf and watches a woman in a gray shirt dance.,152060
30412,8155663151.jpg,Youths dance together in a dark room with a British flag prominently displayed on the wall.,152061
30412,8155663151.jpg,A dozen people at a house party in a living room decorated with a British flag.,152062
30412,8155663151.jpg,People dancing in a room with a British flag hanging on the wall.,152063
30412,8155663151.jpg,Several people are dancing and partying together.,152064
11653,3197247245.jpg,A boy on a bike is jumping over a metal rail in a playground.,58265
11653,3197247245.jpg,Young man on bike jumping over outdoor playground equipment.,58266
11653,3197247245.jpg,A cyclist is performing a jump over a white railing.,58267
11653,3197247245.jpg,A man rides his bike over a stair handrail.,58268
11653,3197247245.jpg,A boy is jumping a rail on his bicycle.,58269
8526,2796921601.jpg,"A young boy, wearing a red sports uniform, stands in the middle of an empty sports field under a dark blue sky.",42630
8526,2796921601.jpg,"A young boy, wearing a red soccer shirt, socks and cleats, is standing on a field of green grass.",42631
8526,2796921601.jpg,You have a boy who is looking at something in soccer clothes on a grass field.,42632
8526,2796921601.jpg,A young person wearing a red shirt and socks is standing by himself.,42633
8526,2796921601.jpg,A boy stands ready to play in a soccer game,42634
25600,5150742824.jpg,A young girl in cute boots is showing some papers to a man sitting in a theater seat,128000
25600,5150742824.jpg,A young woman looks at a paper with a man sitting down in a brown shirt.,128001
25600,5150742824.jpg,A child standing on stairs is handing a piece of paper to a seated man.,128002
25600,5150742824.jpg,Two people in a lecture hall are holding a plastic sheet.,128003
25600,5150742824.jpg,This is a young girl handing out papers.,128004
11377,3168796547.jpg,Two children sitting on a deer statue for a photo.,56885
11377,3168796547.jpg,Two young children sit on top of a deer statue.,56886
11377,3168796547.jpg,Two little kids riding on a fake reindeer.,56887
11377,3168796547.jpg,Two children sit on an animal's back.,56888
11377,3168796547.jpg,Two kids sit on a statue of a deer.,56889
24670,4940831845.jpg,A pretty young woman in a low cut top and blue skirt walking down the street.,123350
24670,4940831845.jpg,A young blond woman walks through a street with a black purse.,123351
24670,4940831845.jpg,A brunette wearing a gray tank top walks down the street.,123352
24670,4940831845.jpg,A white woman in a dress walks down the sidewalk.,123353
24670,4940831845.jpg,A young woman in a dress walks the street.,123354
30514,8239100625.jpg,Three skateboarders with helmets look like they are going very fast.,152570
30514,8239100625.jpg,Downhill skaters wear padding to protect themselves when they fall.,152571
30514,8239100625.jpg,Three men racing downhill on modified skateboards and race gear.,152572
30514,8239100625.jpg,Three skaters appear to be reducing wind resistance to gain speed.,152573
30514,8239100625.jpg,Three men compete in a skateboard race.,152574
2233,170719224.jpg,A woman in a peach colored shirt walks past a train.,11165
2233,170719224.jpg,People walking on a sidewalk past a parked train.,11166
2233,170719224.jpg,A lot of people are walking near a train.,11167
2233,170719224.jpg,A crowd of people walk next to a train.,11168
2233,170719224.jpg,"People walking at train dock, dock 5.",11169
6695,2553131080.jpg,A hand with tongs is reaching for a vegetable kabob on a grill that also has ribs and chicken kabobs.,33475
6695,2553131080.jpg,A person is using metal tongs to turn a shish kabob at the grill amongst other grilled food.,33476
6695,2553131080.jpg,"A person tends to some food on a grill including ribs, kabobs, and shrimp.",33477
6695,2553131080.jpg,"Grilling ribs, chicken kabobs, and vegetable kabobs.",33478
6695,2553131080.jpg,Someone is grilling a variety of vegetables and meat.,33479
19893,4524570447.jpg,A person wearing a large black hat that obscures their face eats noodles with chopsticks.,99465
19893,4524570447.jpg,The person with the black hat is eating some noodles with chopsticks out of a bowl.,99466
19893,4524570447.jpg,"A person, with a hat covering the face, sitting at a table eating noodles.",99467
19893,4524570447.jpg,A person in a large black hat is eating a bowl of noodles with chopsticks.,99468
19893,4524570447.jpg,A person in a black hat slurps up pasta.,99469
7748,269650644.jpg,"An ice skating park in winter, with many people.",38740
7748,269650644.jpg,People skate in an urban outdoor ice skating rink,38741
7748,269650644.jpg,A group of people are ice skating in a big city.,38742
7748,269650644.jpg,An outdoor ice skating rink full of people.,38743
7748,269650644.jpg,People using an outdoor ice skating rink.,38744
8342,2771793012.jpg,A homeless woman and her dog have a good time while eating under an underpass.,41710
8342,2771793012.jpg,A dog rests on a mattress while a old woman sits on the floor.,41711
8342,2771793012.jpg,Old lady laughing looking at the dog in the blue shirt.,41712
8342,2771793012.jpg,"A lady sitting under a shelter, eating with her dog.",41713
8342,2771793012.jpg,Homeless woman and her dog.,41714
28172,6623693625.jpg,A young boy in a large brimmed white hat with a blue ribbon sips from a pink cup.,140860
28172,6623693625.jpg,A child wearing a straw hat with a blue band drinking out of a pink cup.,140861
28172,6623693625.jpg,A little boy in a hat with a blue band drinking from a pink cup.,140862
28172,6623693625.jpg,A young child in an oversized hat drinks from a bright pink hat.,140863
28172,6623693625.jpg,A young boy in a straw hat drinks out of a plastic pink cup.,140864
4994,234374711.jpg,Five men wearing white overalls are lounging in the middle of a grassy field.,24970
4994,234374711.jpg,Some Caucasian athletes are relaxing on a field.,24971
4994,234374711.jpg,Five cricket players are lounging on the grass.,24972
4994,234374711.jpg,The players are resting after a hard game.,24973
4994,234374711.jpg,Six men sit together on the green grass.,24974
28165,6617357521.jpg,"A guy with glasses, jean shorts, and converse sneakers is fixing a bike.",140825
28165,6617357521.jpg,Here is a man with a mustache and glasses and working on a bicycle wheel.,140826
28165,6617357521.jpg,A man in a blue shirt fixing a bicycle in a yellow room.,140827
28165,6617357521.jpg,A man makes adjustments to a bicycle in the shop.,140828
28165,6617357521.jpg,A man adjusts his bicycle.,140829
19025,4427060473.jpg,A young man in colorful clothing and a helmet is performing a trick midair on a water board while pulled by a speedboat in front of a row of tropical palm trees.,95125
19025,4427060473.jpg,A waterskier is air-borne above the water near a background of tall palm trees.,95126
19025,4427060473.jpg,Water Boarder in mid jump wearing blue helmet and black top.,95127
19025,4427060473.jpg,Man is doing a trick while skiing on the lake.,95128
19025,4427060473.jpg,A man is performing a water sport.,95129
15683,367602066.jpg,A young girl is holding an end of the string of a yo-yo in one hand and the body of the pink yo-yo in the other.,78415
15683,367602066.jpg,A little girl with brown hair wearing a sweater is playing with a pink yo-yo.,78416
15683,367602066.jpg,A little girl wearing a blue sweater holding the string out on a pink yo-yo.,78417
15683,367602066.jpg,A young girl in a playground is pulling the string on a pink yo-yo.,78418
15683,367602066.jpg,A young child is playing with a yo-yo.,78419
3217,208473386.jpg,Two young children sit apart from a larger group of children in a dirty street outside a building.,16085
3217,208473386.jpg,The school children wore uniforms of white shirts and navy pants or skirts and yellow name tags.,16086
3217,208473386.jpg,"A school in a foreign country, with the British flag.",16087
3217,208473386.jpg,A group of children are standing outside a building.,16088
3217,208473386.jpg,Kids outside a third world school.,16089
2839,1980315248.jpg,A man in jeans is using a yard work tool just above some pavement steps.,14195
2839,1980315248.jpg,A man is cleaning his yard with a leaf blower.,14196
2839,1980315248.jpg,A man using a leaf blower in a garden.,14197
2839,1980315248.jpg,A man works on his garden.,14198
2839,1980315248.jpg,A man does yard work.,14199
11196,3145967019.jpg,"Three smiling women, one with a shoulder bag, one with a blue cup and one using sign language are posing for a picture.",55980
11196,3145967019.jpg,Three women are posing together and smiling while one holds up a hand signal.,55981
11196,3145967019.jpg,Three women pose for a picture together.,55982
11196,3145967019.jpg,Three women are drinking and hugging.,55983
11196,3145967019.jpg,Three women are posing for a picture,55984
30681,86486817.jpg,A man is vacuuming the rug in a child's room while a toddler does the same with his toy.,153405
30681,86486817.jpg,A man is vacuuming a carpet while a toddler is pushing a toy vacuum next to him.,153406
30681,86486817.jpg,A grown man is using the vacuum next to a little boy with a pretend vacuum.,153407
30681,86486817.jpg,A man in a NASCAR hat vacuums while a little boy plays with a toy vacuum.,153408
30681,86486817.jpg,A man vacuums while a child pretends to vacuum with a toy vacuum cleaner.,153409
17804,4107795952.jpg,"A snowboarder in a red jacket flies through the air, above a hill of snow, and next to a red and white sign.",89020
17804,4107795952.jpg,A man in a red jacket wearing snow gear is midair on a snowboard with a red structure in the background.,89021
17804,4107795952.jpg,A man dressed in red and black winter gear is airborne after hitting a jump on his snowboard.,89022
17804,4107795952.jpg,A snowboarder dressed in red is attempting to jump over a red board lying on top of snow.,89023
17804,4107795952.jpg,A man jumping over a red ramp on his snowboard in the dark.,89024
17145,3957074517.jpg,People are waiting for the subway on the outdoor platform.,85725
17145,3957074517.jpg,A group of people are outside waiting for the train.,85726
17145,3957074517.jpg,People are walking outdoors along a train platform.,85727
17145,3957074517.jpg,A group of travelers are waiting on their train.,85728
17145,3957074517.jpg,People strolling or standing on a street.,85729
3837,2190966429.jpg,His wife is telling him he needs to eat healthier and he is arguing that all the healthy food tastes gross.,19185
3837,2190966429.jpg,An old man in a brown jacket with white hair and a beard talks to an old woman.,19186
3837,2190966429.jpg,An older man speaks to an older woman in Fairway grocery store.,19187
3837,2190966429.jpg,An overweight individual is leaning over a market counter.,19188
3837,2190966429.jpg,An older couple are standing by a Fairway shopping cart.,19189
10546,305979887.jpg,"A person is sitting on a yellow picnic table with a water bottle, while a baby stroller sits beside her.",52730
10546,305979887.jpg,A woman having her time thinking of how she will break away from her drinking husband,52731
10546,305979887.jpg,"A woman wearing gray, sitting on a picnic table by a baby stroller.",52732
10546,305979887.jpg,A woman next to a stroller stops for a drink of water on a bench.,52733
10546,305979887.jpg,A woman sits on a park picnic table near a stroller.,52734
19316,445558349.jpg,A little child is looking towards someone while their head is in a painting designed like a bean.,96580
19316,445558349.jpg,A child sticks his head through a hole to create a picture of his head being a flower blossom.,96581
19316,445558349.jpg,A young child is putting his head through the hole in a large plant photo-op board.,96582
19316,445558349.jpg,A small child has his head through a painting of a plant.,96583
19316,445558349.jpg,A child poses his head through a hole in a painted wall.,96584
10179,3016726158.jpg,Three people posing for the picture with big smiles and blood on the faces of two people,50895
10179,3016726158.jpg,The man wears a white hat and poses with a blond woman and a black-haired woman.,50896
10179,3016726158.jpg,Three people dressed in costumes pose for the camera.,50897
10179,3016726158.jpg,Three people are dressed for a costume party.,50898
10179,3016726158.jpg,Three smiling people in various costumes.,50899
24768,4948125167.jpg,A man is standing behind a counter selling candy in what appears to be a comic rendition.,123840
24768,4948125167.jpg,A man in sunglasses working in a carnival booth surrounded with candy and prizes.,123841
24768,4948125167.jpg,A man in a baseball cap and sunglasses in standing inside a candy kiosk.,123842
24768,4948125167.jpg,"A man in a black t-shirt, sunglasses and cap runs a carnival game.",123843
24768,4948125167.jpg,A man standing in a game booth in a fair.,123844
4380,2266144051.jpg,A biker is wearing all black gear with buildings and a tree with no leaves nearby.,21900
4380,2266144051.jpg,A man wearing a black helmet is pushing his bicycle.,21901
4380,2266144051.jpg,A man in black walks beside his bike in the city.,21902
4380,2266144051.jpg,Man riding a bicycle on a foggy day.,21903
4380,2266144051.jpg,Man with a bicycle and helmet.,21904
19186,4444360528.jpg,A young male in shorts standing under a wooden structure in shallow water.,95930
19186,4444360528.jpg,A boy is standing in a swimsuit on the beach underneath a pier.,95931
19186,4444360528.jpg,A shirtless boy in shorts is standing under a pier.,95932
19186,4444360528.jpg,A man in a swimsuit stands under a boardwalk.,95933
19186,4444360528.jpg,Young men walking under the deck at the beach,95934
11640,3195040792.jpg,"Three dogs jump, run and play in the snowy landscape.",58200
11640,3195040792.jpg,Three dogs are running down a snow covered hill.,58201
11640,3195040792.jpg,Three dogs racing down a snowy path together.,58202
11640,3195040792.jpg,Three dogs running in the snow.,58203
11640,3195040792.jpg,Three dogs in the snow.,58204
28556,688210930.jpg,A blue-robed and hooded figure is walking past occupied tables in an upper-class room.,142780
28556,688210930.jpg,A person dressed in a blue hooded cloak with several people in the background.,142781
28556,688210930.jpg,The man dressed in a blue wizard's outfit is walking through a building.,142782
28556,688210930.jpg,A figure in blue robes walks around in a hotel lobby.,142783
28556,688210930.jpg,A person in a scary gray robe.,142784
18928,4400684369.jpg,"Two girls in white sitting next to man in tan shirt, with two boys who are facing away from camera, all sitting around a table with blue top and blue and white dinnerware.",94640
18928,4400684369.jpg,"A group of three men and two woman sitting at a table that has food, drinks, and a game on it.",94641
18928,4400684369.jpg,Five young people are sitting in front of a table with food and are laughing.,94642
18928,4400684369.jpg,A group of people sit at a table and play a board game.,94643
18928,4400684369.jpg,People sitting at a table.,94644
7108,2607099736.jpg,The person in the blue shorts is wearing black shoes with white stripes.,35540
7108,2607099736.jpg,A gymnast is bending over on a yellow mat on the grass.,35541
7108,2607099736.jpg,A young wrestler being thrown to the yellow mat.,35542
7108,2607099736.jpg,A wrestler jumping and pointing at the mat.,35543
7108,2607099736.jpg,Wrestler jumping in the air.,35544
28023,6473658663.jpg,"Four people, one of whom is a middle-aged woman wearing a fur shawl, are gathered around a bar with four glasses of wine before them which are lit from below with fluorescent lighting.",140115
28023,6473658663.jpg,Four people are checking out some drinks and fluorescent lighting during a night out on the town.,140116
28023,6473658663.jpg,A group of middle-age people are looking at illuminated drinks.,140117
28023,6473658663.jpg,"Look everybody, insert rich Jewish family on vacation.",140118
28023,6473658663.jpg,A group of people standing over a table.,140119
21139,4655843621.jpg,A woman with brown curly hair holds her head while looking at her phone in restaurant.,105695
21139,4655843621.jpg,"A woman with curly, brown hair looks at her cellphone at a restaurant.",105696
21139,4655843621.jpg,A woman sitting at restaurant looking at her blackberry.,105697
21139,4655843621.jpg,A woman sits in a chair and texts in a restaurant.,105698
21139,4655843621.jpg,A woman fiddles with her phone at a diner.,105699
19178,4443434749.jpg,"A bicycle rider is about to go under an enclosed, arching overpass which attaches one brick-and-mortar building to another and is built of the same tan colored material.",95890
19178,4443434749.jpg,A cyclist approaches the underside of a bridge between buildings.,95891
19178,4443434749.jpg,A man rides a bicycle towards a European-style skywalk.,95892
19178,4443434749.jpg,A man riding a bike on a street with an overhead arch.,95893
19178,4443434749.jpg,A man in a bicycle on a street with a bridge.,95894
20601,4606399898.jpg,"An older man sitting on a bench, on the sidewalk, reading a book.",103005
20601,4606399898.jpg,The elderly gentleman in public is reading a book on the bench.,103006
20601,4606399898.jpg,A man sitting on a bench in front of a bust shopping area.,103007
20601,4606399898.jpg,Man in gray jacket sitting on bench reading a book,103008
20601,4606399898.jpg,Man in jacket reading on a bench.,103009
10055,3001308757.jpg,A man in a blue jackets looks at the camera while another man in green stands in the background.,50275
10055,3001308757.jpg,A man with a blue sports jacket and another with a green shirt are looking towards the camera.,50276
10055,3001308757.jpg,A man in a blue jacket looks at the camera while a man in a green T-shirt stands by idly.,50277
10055,3001308757.jpg,A man in a blue jacket is in focus and a man in a green shirt is in the background.,50278
10055,3001308757.jpg,Two men stand in front of a building.,50279
15573,3663336692.jpg,"A man stands at the top of a ladder, extending his right hand to another man that is holding a cable from a third story window.",77865
15573,3663336692.jpg,"A man in shorts stands on a ladder almost three stories up from the ground, reaching for a cable.",77866
15573,3663336692.jpg,A man in a gray t-shirt atop a ladder reaching out to another man inside the buildings window,77867
15573,3663336692.jpg,A man standing on a ladder talking to another man who is hanging out of a window.,77868
15573,3663336692.jpg,A man is on a ladder which is leaning against a building.,77869
3231,2086678529.jpg,A girl in a purple dress smiling as she climbs an indoor rock wall.,16155
3231,2086678529.jpg,A little girl wearing a purple dress looks down at the camera.,16156
3231,2086678529.jpg,"A young girl climbs a rock wall, in a purple dress.",16157
3231,2086678529.jpg,A young girl wears a purple dress.,16158
3231,2086678529.jpg,A girl is in a dress.,16159
20901,463571374.jpg,"Many people walk and stand on a crowded street, carrying bags.",104505
20901,463571374.jpg,A large group of people gathered outside of a building.,104506
20901,463571374.jpg,A large number of people are waiting for their train.,104507
20901,463571374.jpg,People in China gather around an exit.,104508
20901,463571374.jpg,A crowded street full of Asian people.,104509
27969,6415175155.jpg,This guy is about to finish a 8 mile run with his team.,139845
27969,6415175155.jpg,A mountain bike racer on a dirt road during a race,139846
27969,6415175155.jpg,A male cyclist rounds the course on a dirt road.,139847
27969,6415175155.jpg,A mud covered cyclist zooms down the trail.,139848
27969,6415175155.jpg,A cyclist is racing down the street.,139849
13466,3413973568.jpg,"A man riding the water on a single board, holding on to a support with one hand.",67330
13466,3413973568.jpg,A man is riding a board in the ocean and is being pulled from above.,67331
13466,3413973568.jpg,A man in a wetsuit is leaving the water while waterskiing.,67332
13466,3413973568.jpg,A man is waterskiing on one ski.,67333
13466,3413973568.jpg,A water glider.,67334
11092,3129514177.jpg,"When am I going to sit in the front, because I hate this belt.",55460
11092,3129514177.jpg,A little boy in a purple jacket is buckled into his car seat.,55461
11092,3129514177.jpg,A sad little boy sits in a car seat.,55462
11092,3129514177.jpg,A boy in purple wearing a seat belt.,55463
11092,3129514177.jpg,A boy wearing a purple shirt crying.,55464
20184,455709958.jpg,A young woman is wearing a pink hood shirt while attempting to drink water from an outside shower.,100920
20184,455709958.jpg,A young girl with pink hoodie and faded jeans is putting her face in front of a talking tube.,100921
20184,455709958.jpg,"A young girl in a pink shirt, blue jeans, and sneakers talking into an object at a park.",100922
20184,455709958.jpg,A woman in a pink shirt and shoes is looking at something.,100923
20184,455709958.jpg,A girl speaks through a tube in the park,100924
8464,2786115354.jpg,A man confronts a bull at a rodeo while another man runs and a third attempts to stay out of the way.,42320
8464,2786115354.jpg,A man standing in front of a charging bull in a stadium full of people.,42321
8464,2786115354.jpg,A cowboy faces off with a bull in front of many onlookers at a rodeo.,42322
8464,2786115354.jpg,Men flee a bull during a bull-riding competition.,42323
8464,2786115354.jpg,A bull charging at a bull rider in a live rodeo.,42324
10152,3014080715.jpg,A team of dogs pulling a sled down a snow covered road.,50760
10152,3014080715.jpg,A group of dogs pulling a sled through the snow.,50761
10152,3014080715.jpg,Sled dogs pull a sled through a snowy forest.,50762
10152,3014080715.jpg,A team of dogs are pulling a sled over snow.,50763
10152,3014080715.jpg,A team of dogs pulling a sled.,50764
6446,2529226054.jpg,A person in a red vest walks past a shuttered entrance way with a Fanta ad in the background and the word 'sex' spray printed on some sheet metal fencing in the foreground.,32230
6446,2529226054.jpg,A man in a red shirt with a backpack walking past a vending machine.,32231
6446,2529226054.jpg,A man wearing a red vest is walking past a black and green fence.,32232
6446,2529226054.jpg,A woman in a red shirt is walking by a fence with graffiti on it.,32233
6446,2529226054.jpg,"A wall with gray and green checks has a writing ""Sex"".",32234
6636,254555172.jpg,"A little girl unwrapping her birthday gift, in a white dress at home.",33180
6636,254555172.jpg,A little cute girl in a white dress is revealing her presents.,33181
6636,254555172.jpg,A young girl is opening a present in a purple birthday bag.,33182
6636,254555172.jpg,A little girl is opening a birthday gift bag excitedly,33183
6636,254555172.jpg,A young girl is opening a present hastily.,33184
28797,6967649046.jpg,"A group of men, and two boys, are at a livestock market looking at sheep.",143985
28797,6967649046.jpg,"A boy standing beside several goats, with a group of men in the back.",143986
28797,6967649046.jpg,A Pakistani boy wearing a Nike cap stands amidst his elders and sheep.,143987
28797,6967649046.jpg,A young boy is in the middle of a sale of goats,143988
28797,6967649046.jpg,Men and sheet gather on the street.,143989
6544,2537683592.jpg,Construction workers applying siding to the inside of a tunnel.,32720
6544,2537683592.jpg,Workers wearing orange vests are working on a curved wall.,32721
6544,2537683592.jpg,A group of construction workers building a tunnel.,32722
6544,2537683592.jpg,Workers wearing bright orange vests doing work.,32723
6544,2537683592.jpg,Men in hard hats work along a wall.,32724
1176,1362882269.jpg,A shirtless man in a blue hat and sunglasses runs waist-deep through a large body of water.,5880
1176,1362882269.jpg,A man with a blue hat and blue with red polka dotted bottoms on is running into the water.,5881
1176,1362882269.jpg,A man with blue shorts and a blue had running through water that is thigh deep.,5882
1176,1362882269.jpg,A man wearing a hat is running through water,5883
1176,1362882269.jpg,A man splashes playfully in a lake.,5884
21473,4686133452.jpg,A man wearing a white shirt is working on building something.,107365
21473,4686133452.jpg,A workshop with two workers working on their project.,107366
21473,4686133452.jpg,Man works hard on a old textile machine.,107367
21473,4686133452.jpg,Asian workers assembling a wood project.,107368
21473,4686133452.jpg,A person is spinning cotton into fabric.,107369
23027,4809733027.jpg,A man in a light blue shirt with his hand in his pocket walks along a road with large buildings.,115135
23027,4809733027.jpg,A man in a gray t-shirt walks down a public street past a pair of tall office buildings.,115136
23027,4809733027.jpg,Man walking with tall buildings with reflections behind him.,115137
23027,4809733027.jpg,A man walking through a large city with skyscrapers.,115138
23027,4809733027.jpg,Vehicles and pedestrians pass by nearby skyscrapers.,115139
9087,2873188959.jpg,A man in swimming trunks jumping off a rock into a lake.,45435
9087,2873188959.jpg,The young man takes an acrobatic leap into the water.,45436
9087,2873188959.jpg,A man in blue shorts leaps from cliff into a lake.,45437
9087,2873188959.jpg,A man jumps from a rock into the water.,45438
9087,2873188959.jpg,A shirtless man jumps into the water.,45439
16691,38437776.jpg,Two men are atop a white surface within a cloudy waterfront setting.,83455
16691,38437776.jpg,Two men work on top of a tall building on a cloudy day.,83456
16691,38437776.jpg,Two men work on a white surface before a white sky.,83457
16691,38437776.jpg,Two men painting the floor with a scene of water.,83458
16691,38437776.jpg,Two men are painting a white roof.,83459
2449,1805990081.jpg,A boy signals with his hands while he walks a white dog with a pink leash.,12245
2449,1805990081.jpg,A dark-skinned boy is walking a white dog on a pink leash down a sidewalk.,12246
2449,1805990081.jpg,A young boy showing off while walking his white dog in a neighborhood.,12247
2449,1805990081.jpg,A boy in a striped shirt walking a small dog on a leash.,12248
2449,1805990081.jpg,A boy is walking a small white dog down the street.,12249
3167,2077433632.jpg,A woman in front of white bars puts her hand to her forehead and talks on the phone.,15835
3167,2077433632.jpg,A lady with some jeans on talking on a cellphone with her hand on her forehead.,15836
3167,2077433632.jpg,I don't see a picture i don't see a picture i don't see a picture,15837
3167,2077433632.jpg,A girl sitting on the ground is talking on a cellphone.,15838
3167,2077433632.jpg,A grief stricken woman sitting and talking on the phone,15839
23796,4865390214.jpg,A man wearing a white shirt is talking on the phone while a little girl wearing blue jeans stands behind him.,118980
23796,4865390214.jpg,A man appears to be calling someone on his phone while a child is standing behind him.,118981
23796,4865390214.jpg,A man in a white shirt and blue jeans is talking on the phone near the street.,118982
23796,4865390214.jpg,An Asian man on a cellphone is standing outside with a young girl behind him.,118983
23796,4865390214.jpg,A man on a sidewalk talking on his mobile phone,118984
26560,5595612913.jpg,A local policeman standing in front of the counter with complete equipments belted to his waist.,132800
26560,5595612913.jpg,A local police officer in uniform is ordering a pastry and coffee for his morning breakfast.,132801
26560,5595612913.jpg,"A police officer, with many items around his waist, is ordering something at a cafe.",132802
26560,5595612913.jpg,A police officer is ordering coffee at a shop and has many gadgets strapped to his belt,132803
26560,5595612913.jpg,A law enforcement officer looking at food in a cafe.,132804
4569,2290936635.jpg,A group of people or students on vacation walking alone the grounds of older buildings.,22845
4569,2290936635.jpg,A group of people walking through an abandoned lot to reach another destination.,22846
4569,2290936635.jpg,A group of people in a line walking up a small hill towards a building.,22847
4569,2290936635.jpg,A group of people are walking through grass.,22848
4569,2290936635.jpg,A group of people walking up a grass hill.,22849
30737,881336.jpg,They are drinking high caffeinated drinks to sustain energy for their favorite card games.,153685
30737,881336.jpg,"A woman, in a black shirt, and a man, in a gray shirt, hanging out in a kitchen.",153686
30737,881336.jpg,A group of people at a kitchen table drinking Guiness and playing cards.,153687
30737,881336.jpg,"People are in a kitchen, two of them are sitting at the kitchen table.",153688
30737,881336.jpg,Two women playing a drinking game in the kitchen.,153689
5237,2378196105.jpg,An athlete tests his skills and stamina by jumping onto boxes out near the track field.,26185
5237,2378196105.jpg,A man jumping over boxes for exercise in the middle of a high school track.,26186
5237,2378196105.jpg,A man with a blue outfit jumping over evenly planted boxes.,26187
5237,2378196105.jpg,An African American boy jumps over boxes at a track.,26188
5237,2378196105.jpg,The man is jumping over blocks on a track.,26189
1381,1411855204.jpg,One young man with short orange hair is fiddling his thumbs and sitting down looking very bored.,6905
1381,1411855204.jpg,A young man with blond-hair works with multicolored wires while sitting on a stoop.,6906
1381,1411855204.jpg,"A young man, surrounded by wires, twists three wires together.",6907
1381,1411855204.jpg,A guy in a white shirt it holding some wires.,6908
1381,1411855204.jpg,Someone working with electrical wiring.,6909
29537,7492267690.jpg,"3 emergency workers are sitting on their vehicle, while the fourth one is standing and looking intently at something.",147685
29537,7492267690.jpg,"Men at work, Firemen waiting for their next call to a fire, looking relaxed and anxious at the same time.",147686
29537,7492267690.jpg,"4 fireman on a firetruck looking very tired, brick building behind them, and a hand to the bottom left.",147687
29537,7492267690.jpg,"There are four men, three sitting and one standing, wearing the same dark blue uniform.",147688
29537,7492267690.jpg,Four firefighters are sitting atop a firetruck.,147689
2832,19787273.jpg,A woman wearing jeans is reaching into a large box while a man wearing jeans stands beside her.,14160
2832,19787273.jpg,"A woman in a black and yellow top, selling chocolate to a man in a white t-shirt.",14161
2832,19787273.jpg,A woman with a box of candy standing with a man who is holding some of the candy.,14162
2832,19787273.jpg,A woman reaches into a box of candy while a man stands nearby.,14163
2832,19787273.jpg,Man and a woman standing outside.,14164
24518,4931250793.jpg,"Men and women walk past a Cartier store on a city sidewalk; a man in an orange shirt and torn jean-shorts carries a camera slung from his shoulder as he leans against the store wall, and a young woman in strappy sandals, a black cap, an orange wig, and a pair of large sunglasses slouches, with her arms folded.",122590
24518,4931250793.jpg,A woman with pink hair leaning against a building while people walk by.,122591
24518,4931250793.jpg,"A couple are waiting near their bags, as some walkers pass.",122592
24518,4931250793.jpg,A man in an orange shirt is leaning against a wall.,122593
24518,4931250793.jpg,Two people standing with bags on a sidewalk.,122594
29073,7119846943.jpg,A little girl hula hoops with two hula hoops on a sunny day while a crowd of people unaware of her talent are behind her.,145365
29073,7119846943.jpg,A young girl is standing in green grass playing with two hula hoops.,145366
29073,7119846943.jpg,A young girl in a crowd of people spinning two hula hoops at once.,145367
29073,7119846943.jpg,A little girl hula-hooping with 2 hula hoops on her hips.,145368
29073,7119846943.jpg,A small girl is hula-hooping.,145369
18938,440184957.jpg,A man wearing a balloon hat and a grassy shirt holds up two large paper dolls.,94690
18938,440184957.jpg,A dirty looking clown holding up two paper cut outs of children with blond-hair,94691
18938,440184957.jpg,A man wearing a balloon hat holds up colored cut-out drawings of two men.,94692
18938,440184957.jpg,The man wears balloons on his head and holds paper people.,94693
18938,440184957.jpg,A clown shares cut-out pictures of children.,94694
23962,4882073197.jpg,"A woman with short, dark hair carrying a pink bag and wearing red shoes stands in the middle of a street.",119810
23962,4882073197.jpg,"On a busy city street, a woman stands along on a traffic island.",119811
23962,4882073197.jpg,A woman with red shoes is standing in the middle of the street.,119812
23962,4882073197.jpg,Woman in dress walks in the middle of the street.,119813
23962,4882073197.jpg,A woman in red shoes waling in the street.,119814
13691,3437781040.jpg,An ice hockey player in red is challenging the player in white for the puck.,68455
13691,3437781040.jpg,Two hockey players try to get control of the puck as the referee looks on.,68456
13691,3437781040.jpg,The goalie has come out of the goal to steal the puck from the other team.,68457
13691,3437781040.jpg,Two hockey players trying to get the puck.,68458
13691,3437781040.jpg,Two athletes playing in a hockey game.,68459
29376,7347276120.jpg,Two young ladies carefully balancing while walking across a log in a field with tall grass.,146880
29376,7347276120.jpg,The family has a fun day out pretending to be tightrope walkers.,146881
29376,7347276120.jpg,Two girls walking along a log in a field outside.,146882
29376,7347276120.jpg,Two women are walking on a narrow piece of wood.,146883
29376,7347276120.jpg,Two girls walking on the wall beside grass,146884
24725,4944374247.jpg,A woman in a red striped shirt and red shorts is holding a white bag while sitting with several people behind her and one person beside her.,123625
24725,4944374247.jpg,A woman in a white hat and a red and white striped shirt sitting on a wall.,123626
24725,4944374247.jpg,A woman in a red and white striped shirt is sitting down.,123627
24725,4944374247.jpg,Lady in red resting on a wall while people walk by her.,123628
24725,4944374247.jpg,A woman in a red shirt sits by a fountain.,123629
18381,4271560578.jpg,"A young man, without apparent protective gear, is on a bicycle jumping over small hills of sand or gravel, with a long bridge and tall buildings in the background.",91905
18381,4271560578.jpg,"A man on a bicycle, wearing an all black outfit, looks as though he's hanging in midair over a bridge.",91906
18381,4271560578.jpg,A stunt bicyclist performs an aerial trick before a city skyline.,91907
18381,4271560578.jpg,A young male is doing a bike trick on a bridge in the evening.,91908
18381,4271560578.jpg,A man is doing tricks on a bike and is very high in the air.,91909
9632,29389675.jpg,"A woman sits in a room and brushes her dyed hair, which is dyed red.",48160
9632,29389675.jpg,A young girl wearing a school sweeter is brushing her hair.,48161
9632,29389675.jpg,Young girl brushing her multicolored hair.,48162
9632,29389675.jpg,A girl with pink hair is brushing herself.,48163
9632,29389675.jpg,A girl is brushing her brown and red-hair.,48164
18288,4247623205.jpg,"A woman in a red shirt stands alone in a terminal, with three pieces of luggage.",91440
18288,4247623205.jpg,A woman in a red jacket and boots is waiting with her luggage at the airport.,91441
18288,4247623205.jpg,An Asian woman with her luggage in a train station.,91442
18288,4247623205.jpg,A young asian woman stands with her luggage.,91443
18288,4247623205.jpg,Young lady lost her connection to Hawaii.,91444
28460,6848901011.jpg,A young waiter in a bar setting pours a drink from a bottle into a cup.,142300
28460,6848901011.jpg,Person dressed in newspaper boy attire pouring drinks.,142301
28460,6848901011.jpg,A bartender wearing a hat is pouring a drink.,142302
28460,6848901011.jpg,A bartender is laughing while mixing drinks.,142303
28460,6848901011.jpg,A person in a newsboy getup pours a drink.,142304
8231,2756636539.jpg,A big black dog with fluffy fur runs in the surf of a rocky shore.,41155
8231,2756636539.jpg,The black dog is in the water on the shore.,41156
8231,2756636539.jpg,The black dog is running through the water.,41157
8231,2756636539.jpg,A black dog jumps through the water.,41158
8231,2756636539.jpg,A black dog splashes in the water.,41159
29783,7664337844.jpg,Olympic swimmers leaving the starting block at the 2012 London Olympics.,148915
29783,7664337844.jpg,Swimmers kick off at the start of a race in the 2012 London Olympics.,148916
29783,7664337844.jpg,A women's swimming event at the London 2012 Olympics starts.,148917
29783,7664337844.jpg,Swimmers starting a race in the pool.,148918
29783,7664337844.jpg,A group of swimmers jump into a pool.,148919
7520,266316342.jpg,"A woman in a purple sweater stands with her arms folded beside several pieces of luggage while two other women stand beside her, looking in her direction.",37600
7520,266316342.jpg,"Some girls are outside an airport with their bags waiting, while a woman on the right side is smoking.",37601
7520,266316342.jpg,A group of ladies stands outside a station with their luggage.,37602
7520,266316342.jpg,Women with their luggage waiting outside an airport terminal.,37603
7520,266316342.jpg,Three women waiting at the airport with their luggage.,37604
23821,4867858371.jpg,An eclectic crowd gathers in front of two buildings in broad daylight surrounded by signs of the Boston Red Sox and companies associated with Boston.,119105
23821,4867858371.jpg,Many people are gathered in a city street near two large brown buildings.,119106
23821,4867858371.jpg,Many people on the street corner with brown buildings.,119107
23821,4867858371.jpg,A crowd of people walk in the middle of a town.,119108
23821,4867858371.jpg,A crowd of people talking and walking around.,119109
20674,4612831165.jpg,Asian bride and groom leaving a church with crowd throwing confetti on them.,103370
20674,4612831165.jpg,A bride and groom leaving their wedding as guests throw confetti at them.,103371
20674,4612831165.jpg,People throw confetti at newlyweds as they come out of the church.,103372
20674,4612831165.jpg,A group of people celebrating a couple marriage.,103373
20674,4612831165.jpg,A couple just got married.,103374
28932,7024548153.jpg,"A young women wearing a green shirt and hat is sitting down, using a mehndi cone to paint a flower design on the back of one of her hands.",144660
28932,7024548153.jpg,A young girl wearing colorful clothing uses henna to draw a flower on her hand.,144661
28932,7024548153.jpg,An eccentrically dressed teenage girl writes on her hand.,144662
28932,7024548153.jpg,A girl giving herself a henna tattoo on her hand.,144663
28932,7024548153.jpg,A girl draws a flower on her hand.,144664
14675,3552435734.jpg,A black and white dog running through shallow water.,73375
14675,3552435734.jpg,Black dog with white feet running into a lake.,73376
14675,3552435734.jpg,The black dog is running through water.,73377
14675,3552435734.jpg,A black dog running through water.,73378
14675,3552435734.jpg,A black dog is running on water.,73379
20324,4569593012.jpg,People behind a banner are holding flags and signs.,101620
20324,4569593012.jpg,There are people gathered outside holding flags.,101621
20324,4569593012.jpg,A man with gray hair speaks loudly in a group.,101622
20324,4569593012.jpg,A crowd of people at some kind of protest.,101623
20324,4569593012.jpg,Protesters holding signs and flags.,101624
9619,2938120171.jpg,Two blond dogs are standing together on a patio.,48095
9619,2938120171.jpg,Two golden dogs are standing on a wooden patio.,48096
9619,2938120171.jpg,A large dog sniffing a smaller dog outside.,48097
9619,2938120171.jpg,Two dogs are standing together on a patio.,48098
9619,2938120171.jpg,Two golden dogs on a wood deck.,48099
15775,368881750.jpg,"3 men sit in a cubical of an office, one man is standing and holding a drum.",78875
15775,368881750.jpg,A man in a white shirt carries a drum as he talks to two other men.,78876
15775,368881750.jpg,Three people in an office setting are communicating verbally.,78877
15775,368881750.jpg,Office workers laugh inside a cubicle.,78878
15775,368881750.jpg,Three men are talking in an office.,78879
17265,3977907058.jpg,A man with a mohawk walking in-between two parked vehicles and into the street.,86325
17265,3977907058.jpg,A young man with a mohawk reaching down to pick something up off the street.,86326
17265,3977907058.jpg,Man with a mohawk haircut walking across a street between two cars.,86327
17265,3977907058.jpg,A young man with a Mohawk begins to jaywalk across the street.,86328
17265,3977907058.jpg,A man in a black jacket with a mohawk walks on a road.,86329
23156,4818210621.jpg,A woman in a white vest reaching for a white paper in a fish market.,115780
23156,4818210621.jpg,A woman is in the kitchen making food for a store or restaurant.,115781
23156,4818210621.jpg,A female employee of a fish market weighs an item on the scale.,115782
23156,4818210621.jpg,Person in a deli surrounded by various fish.,115783
23156,4818210621.jpg,A woman rolling pastry in her fish shop.,115784
22475,4761988213.jpg,Two men and two women dressed in old English attire hold hands and form a circle on a stage as a young girl runs by.,112375
22475,4761988213.jpg,"Five individuals, three females and two males, are performing a dance in period costume wear outside.",112376
22475,4761988213.jpg,"Two men and two women, in period costumes, performing a dance on state outdoors.",112377
22475,4761988213.jpg,Two women and two men in historical attire jumping.,112378
22475,4761988213.jpg,4 people are dressed in costumes dancing on stage.,112379
24551,4932739824.jpg,"A man is walking across a bridge, buildings with asian writing in background",122755
24551,4932739824.jpg,A man in a blue shirt is walking over a bridge.,122756
24551,4932739824.jpg,The man in blue is walking on the red bridge.,122757
24551,4932739824.jpg,A scene over a bridge of old and new Asia.,122758
24551,4932739824.jpg,Man in a blue shirt walking on a bridge.,122759
27808,6314475602.jpg,"A few dozen able-bodied men in kilts are gathered for an outdoors event, with a thrown stick nearing the camera.",139040
27808,6314475602.jpg,"A large number of people are watching men dressed in kilts, one of whom has thrown a long pole.",139041
27808,6314475602.jpg,People all around on a hot sunny day watching a large tan stick get thrown.,139042
27808,6314475602.jpg,A group of men wearing kilts throwing a long wooden stick.,139043
27808,6314475602.jpg,A man wearing a kilt has thrown a large pole.,139044
12500,3298175192.jpg,Black and white dog chewing on a canon camera setting in the grass the camera is black and white.,62500
12500,3298175192.jpg,A black and white dog rests its head on a camera.,62501
12500,3298175192.jpg,A black and white dog is chewing on a camera.,62502
12500,3298175192.jpg,Black and white puppy gnaws camera.,62503
12500,3298175192.jpg,A puppy plays with a camera.,62504
2904,2021613437.jpg,A boy wearing a Steve Nash shirt dribbles a basketball on an indoor court.,14520
2904,2021613437.jpg,A child in a gray t-shirt is bouncing a basketball on a basketball court.,14521
2904,2021613437.jpg,A boy dribbles a basketball in the gymnasium.,14522
2904,2021613437.jpg,One little boy dribbles his basketball.,14523
2904,2021613437.jpg,A boy dribbling a basketball in a gym.,14524
11346,3164506129.jpg,"There is a woman sitting on a very shiny surface with her head bent down slightly, and some people further down from her sitting on the same surface.",56730
11346,3164506129.jpg,A group of people sit on a long bench while children play on the stairs behind them.,56731
11346,3164506129.jpg,Two young boys are playing in the bleachers at nice designed park area.,56732
11346,3164506129.jpg,There are kids playing while adults are sitting on a bench.,56733
11346,3164506129.jpg,People are sitting outside of a building.,56734
4060,2221241506.jpg,A man with glasses looking down at something while sitting on something made of concrete.,20300
4060,2221241506.jpg,A man wearing a black top and thick glasses is on a piece of construction.,20301
4060,2221241506.jpg,A man with glasses looks at something amid scaffolding.,20302
4060,2221241506.jpg,A man is touching a large metal structure.,20303
4060,2221241506.jpg,A man surrounded by staging is working.,20304
17046,393043864.jpg,"Baskets of fresh cabbage, tomatoes, beans and other produce sit outside in an open air market.",85230
17046,393043864.jpg,A local market boasts a wide variety of fruits and vegetables.,85231
17046,393043864.jpg,A collection of vegetables sit in baskets.,85232
17046,393043864.jpg,A picture of a fruit and vegetable store.,85233
17046,393043864.jpg,Fresh fruits and vegetable stand.,85234
20581,4604103482.jpg,A shirtless man wearing long pants is doing a skateboard trick in a metropolitan area where a man and woman are walking away from the camera.,102905
20581,4604103482.jpg,A skateboarding man with no shirt does a trick and people walk in a busy city scene.,102906
20581,4604103482.jpg,Shirtless man with blank pants engaged in skateboarding upon a cityscape.,102907
20581,4604103482.jpg,A young shirtless man doing skateboarding tricks in the city.,102908
20581,4604103482.jpg,A shirtless man is doing a jump with a skateboard.,102909
22079,4730135526.jpg,"A crowd of protesters in the street holding up peace signs an holding signs saying ""stop killing in Iran.""",110395
22079,4730135526.jpg,"A group of people protesting with signs saying, ""stop killing in Iran.""",110396
22079,4730135526.jpg,Protesters are holding signs that say stop killing in Iran.,110397
22079,4730135526.jpg,Protesters are demonstrating against violence in Iran.,110398
22079,4730135526.jpg,Young protesters outside holding signs.,110399
11726,3204525212.jpg,A small black and white dog standing next to a large black dog both looking up onto a counter.,58630
11726,3204525212.jpg,A large dog and a small dog stand next to the kitchen counter to investigate.,58631
11726,3204525212.jpg,A black dog and small white and black dog look up at a kitchen countertop.,58632
11726,3204525212.jpg,"Dogs ignore plate of food on floor, look up at kitchen counter.",58633
11726,3204525212.jpg,The dogs are begging at the kitchen counter.,58634
29631,7564442710.jpg,A tennis player wearing a white outfit swings for the ball.,148155
29631,7564442710.jpg,"While spectators watch she plays tennis, dressed in white.",148156
29631,7564442710.jpg,Female tennis player about to hit a tennis ball.,148157
29631,7564442710.jpg,Tennis player in white swinging her racket.,148158
29631,7564442710.jpg,Woman holding a tennis racket shrugs.,148159
6672,2550646414.jpg,A man wearing a black shirt is giving the camera a weird look as he cuts meat with a sharp knife.,33360
6672,2550646414.jpg,A man seems surprised when he got photographed while he was cutting meat in his kitchen.,33361
6672,2550646414.jpg,"Man with black shirt, making dinner, looking at the camera while cutting meat.",33362
6672,2550646414.jpg,A man in a gray shirt cutting up meat into thick slices.,33363
6672,2550646414.jpg,Guy with a mohawk cutting meat.,33364
8495,2791348768.jpg,"A white man in a white shirt stands with his arms out to his sides, wearing an earpiece.",42475
8495,2791348768.jpg,A man wearing a white shirt has his hands up in the air and shoulders shrugged.,42476
8495,2791348768.jpg,Brown-haired male with a white shirt showing off a grin with open arms.,42477
8495,2791348768.jpg,A older man showing happiness on a stage in front of a crowd.,42478
8495,2791348768.jpg,A man wearing a white shirt is holding out his arms.,42479
583,119534510.jpg,A person in a brown jacket is sitting on a pier by the water reading.,2915
583,119534510.jpg,Person sitting on concrete landing next to body of water,2916
583,119534510.jpg,A man in a brown shirt sitting on a dock and reading.,2917
583,119534510.jpg,A man reading a book on the dock near a post.,2918
583,119534510.jpg,"A man is sitting next to the water, reading.",2919
25642,517102724.jpg,A black dog is standing in front of a waterfall.,128210
25642,517102724.jpg,The large black dog is walking in the water.,128211
25642,517102724.jpg,A black dog plays around near a waterfall.,128212
25642,517102724.jpg,Black dog prancing through the river.,128213
25642,517102724.jpg,A black dog in front of a waterfall.,128214
9469,2921112724.jpg,Someone is riding a three-wheeled vehicle throught a sandy playground.,47345
9469,2921112724.jpg,I man is riding a 3 wheeled pedal bike and is airborne.,47346
9469,2921112724.jpg,A man riding a three wheeled vehicle topples over.,47347
9469,2921112724.jpg,Person in a 3-wheeler driving on 2 wheels.,47348
9469,2921112724.jpg,A person on a tricycle.,47349
4121,2229737667.jpg,A man in an orange vest and a cap stands outside a ladies' bathroom.,20605
4121,2229737667.jpg,"A man leaning on a pillar next to a bucket, near a public restroom",20606
4121,2229737667.jpg,A man standing next to a women's restroom in an orange shirt.,20607
4121,2229737667.jpg,A worker stands outside a public restroom.,20608
4121,2229737667.jpg,Man in uniform waiting on a wall.,20609
24727,4944548179.jpg,A person painting a mural on the side of a building while people are standing around watching.,123635
24727,4944548179.jpg,Pedestrians stop to watch a man create a mural on a wall at the side of a street.,123636
24727,4944548179.jpg,A painting of a man drinking from a bottle on the side of a building.,123637
24727,4944548179.jpg,An artist is painting a mural on the side of a building.,123638
24727,4944548179.jpg,A crowd gathers to watch the artist at work.,123639
7706,2689829779.jpg,"A young, white boy is lying on a couch with an injured leg wrapped in a knee brace.",38530
7706,2689829779.jpg,"Right leg in a brace, a young boy lies on the couch while using his cellphone.",38531
7706,2689829779.jpg,A boy with a hurt leg is holding a device.,38532
7706,2689829779.jpg,A teenager has his leg in a brace.,38533
7706,2689829779.jpg,A boy wearing a leg brace.,38534
13021,3357209547.jpg,Two warmly clothed people are walking by a very old wooden church.,65105
13021,3357209547.jpg,Two people are near a wooden building wearing backpacks.,65106
13021,3357209547.jpg,Two people are walking towards a wooded building.,65107
13021,3357209547.jpg,Two people are walking towards a house.,65108
13021,3357209547.jpg,Two people walking by an old house.,65109
27852,6331630561.jpg,"Two girls are doing karate together, while others are walking in the background.",139260
27852,6331630561.jpg,Two girls spar in traditional martial arts clothing.,139261
27852,6331630561.jpg,Two women competing in martial arts event at a gym.,139262
27852,6331630561.jpg,Two females sparring in martial arts.,139263
27852,6331630561.jpg,Two females having a karate match.,139264
5968,2466093839.jpg,One boy is running and pushing another little boy on a toy with wheels on it.,29840
5968,2466093839.jpg,One boy is pushing another boy down a street in a doll carriage.,29841
5968,2466093839.jpg,Blurry image of one young boy being pushed in a cart by another.,29842
5968,2466093839.jpg,A little boy quickly pushes another child on a riding toy.,29843
5968,2466093839.jpg,Two young kids play and run.,29844
11633,3193678492.jpg,Three men in bright clothing work on street with railroad tracks.,58165
11633,3193678492.jpg,Three men are working construction at night on a street.,58166
11633,3193678492.jpg,Construction workers doing work in the streets at night.,58167
11633,3193678492.jpg,Worker in an orange and white vest.,58168
11633,3193678492.jpg,A construction site at night.,58169
14917,3580949553.jpg,On a college campus a person in a gray shirt is laying atop a short brick wall.,74585
14917,3580949553.jpg,An individual is laying down on a brick wall outside next to trees.,74586
14917,3580949553.jpg,A young man in shorts lounging on a brick wall in a park.,74587
14917,3580949553.jpg,A person taking a rest on a brick ledge.,74588
14917,3580949553.jpg,A girl is lying on a short brick wall.,74589
28607,689776124.jpg,A dark dog with its tongue hanging out runs through the grass.,143035
28607,689776124.jpg,A black dog is happily running through the grass.,143036
28607,689776124.jpg,A black dog running toward the camera.,143037
28607,689776124.jpg,A black dog runs with its tongue out.,143038
28607,689776124.jpg,A dog plays in the grass.,143039
2207,169490297.jpg,"A boy in a blue, yellow, and orange shirt holding his arms out from his sides.",11035
2207,169490297.jpg,The boy in the blue and yellow top is standing with arms outstretched.,11036
2207,169490297.jpg,"A boy in a blue, yellow, and orange shirt plays outside.",11037
2207,169490297.jpg,A child with a brightly colored shirt plays outside.,11038
2207,169490297.jpg,A boy looks down and spreads his arms wide,11039
3545,213224451.jpg,A family is standing in front of a building that is having some construction done to it.,17725
3545,213224451.jpg,A group of people stand together in front a little white house.,17726
3545,213224451.jpg,A group of people standing on the steps of an old house.,17727
3545,213224451.jpg,People standing in front of a house that is being built,17728
3545,213224451.jpg,Some people are standing outside a house.,17729
27447,6143908469.jpg,A Twins baseball pitcher is about to throw a ball from the pitching mound while an umpire and second baseman look on in the background.,137235
27447,6143908469.jpg,A right handed pitcher is in motion of throwing a pitch.,137236
27447,6143908469.jpg,A pitcher on the Minnesota Twins throws a pitch.,137237
27447,6143908469.jpg,Pitcher throwing pitch while umpire looks on.,137238
27447,6143908469.jpg,A baseball pitcher is throwing a pitch.,137239
5126,2362918118.jpg,An older man in a yellow shirt holds a green shopping bag while standing in the middle of a street.,25630
5126,2362918118.jpg,"A man in a dress shirt, pants, and tie is standing on a sidewalk holding a green shopping bag.",25631
5126,2362918118.jpg,An older man wearing brown pants and a yellow shirt holds a green bag as he watches the street.,25632
5126,2362918118.jpg,Middle-aged man in yellow shirt standing on sidewalk holding a green bag and casting a shadow.,25633
5126,2362918118.jpg,An older man holding a green bag waits until safe to cross the street.,25634
29991,7787559214.jpg,A man casually sits on a chair and talks on the cellphone as there is a bus in the background.,149955
29991,7787559214.jpg,Man sitting down on a cafe table while a worker cleans the tour bus in the background,149956
29991,7787559214.jpg,An older gentlemen sitting in a public place with his hand against his face.,149957
29991,7787559214.jpg,A man is sitting at a restaurant table outdoors.,149958
29991,7787559214.jpg,A man sits as a man behind him washes a bus.,149959
24460,4927040237.jpg,"A young man wearing a red shirt, and blue jeans, is laying down next to a window.",122300
24460,4927040237.jpg,This young Asian man rests for a short while outside of an office building.,122301
24460,4927040237.jpg,A young man takes a nap in the window of a business next to the street.,122302
24460,4927040237.jpg,A man in a red shirt and jeans is lying down on a small ledge.,122303
24460,4927040237.jpg,A man takes a nap in the city.,122304
7648,2680619645.jpg,The black and brown dog is standing with its legs apart on the beach.,38240
7648,2680619645.jpg,A black dog is standing with his legs spread wide apart on some sand,38241
7648,2680619645.jpg,A dog plays on the beach.,38242
7648,2680619645.jpg,A dog plays on a beach.,38243
7648,2680619645.jpg,An aggressive dog.,38244
1611,146343683.jpg,Two parents sit on a couch while a girl in a pink sweater lounges across them.,8055
1611,146343683.jpg,A man a woman and a child sitting on a couch smiling,8056
1611,146343683.jpg,A family of 3 sits and poses on a couch together.,8057
1611,146343683.jpg,"A male, female, and young girl are on a couch.",8058
1611,146343683.jpg,A family sitting on a couch.,8059
28647,6914913606.jpg,"A group of uniformed schoolgirls crosses a street in a residential neighborhood, with a fancy balcony and a less prominent balcony on the left, much less ornate structures on the right, and a beautiful yellow church with two towers in the background against a blue sky with thin clouds.",143235
28647,6914913606.jpg,A group of girls in school uniforms is walking past a town square with a large classic looking church in the background.,143236
28647,6914913606.jpg,A group of adolescents dressed in uniforms are walking down the street.,143237
28647,6914913606.jpg,School children walking in line past a church on a sunny day.,143238
28647,6914913606.jpg,Children in uniforms cross a wide street.,143239
20118,4552210849.jpg,"A young man samples and peddles the wares of a fresh produce stall in possibly a ""farmers market"".",100590
20118,4552210849.jpg,"A man with long red-hair, a brown shirt and plaid pants sells fruit in a market.",100591
20118,4552210849.jpg,A man wearing a brown sweater standing next to a fruit stand.,100592
20118,4552210849.jpg,A fruit vendor trying to sell his fruit in a market.,100593
20118,4552210849.jpg,A person selling fruit in a market.,100594
22227,4742814797.jpg,A group of uniformed officers in a street wearing a mixture of gas masks and face shields.,111135
22227,4742814797.jpg,Men in gas masks kneel in front of a large audience.,111136
22227,4742814797.jpg,Police wearing gas masks kneel before the ground.,111137
22227,4742814797.jpg,A group of people in uniforms have gas masks on.,111138
22227,4742814797.jpg,Riot cops putting on gas masks.,111139
18716,4349523799.jpg,"There is a woman here in a children's room, wearing a red vest, with her hand in a fake sharks mouth.",93580
18716,4349523799.jpg,A woman is posing next to a cage full of stuffed sharks with cartoons painted on the wall behind her.,93581
18716,4349523799.jpg,Woman wearing a red vest is touching a pile of stuffed shark plushies.,93582
18716,4349523799.jpg,A female is placing her hand inside a bin of shark stuffed animals.,93583
18716,4349523799.jpg,A middle-aged woman shows off a collection of stuffed shark toys.,93584
21100,4653052057.jpg,A girl in a white t-shirt walks next to a shirtless man who is covered in tattoos.,105500
21100,4653052057.jpg,A woman with a white shirt is seen with a half-naked man with many tattoos.,105501
21100,4653052057.jpg,A woman in a white shirt walks next to a shirtless man covered in tattoos.,105502
21100,4653052057.jpg,"A woman in a white shirt walks with a shirtless, tattooed man.",105503
21100,4653052057.jpg,A tattooed man walks with a woman in a white t-shirt.,105504
23859,4870785283.jpg,A person stands alone in a large ditch with an overpass in the background.,119295
23859,4870785283.jpg,An individual walking by a bridge and a factory.,119296
23859,4870785283.jpg,A person walks along a trail towards a bridge.,119297
23859,4870785283.jpg,A person is walking by the bridge.,119298
23859,4870785283.jpg,Strolling down path to nowhere.,119299
2620,1884065356.jpg,The black dog waring a red collar is running through the water with a ball in its mouth.,13100
2620,1884065356.jpg,"A large, black dog with something in its mouth is coming out of a pool of water.",13101
2620,1884065356.jpg,A black laborador with a ball in his mouth coming out of the surf,13102
2620,1884065356.jpg,A black dog runs through the water with a ball in its mouth.,13103
2620,1884065356.jpg,A black dog in the water,13104
